#VRML V2.0 utf8
# 3D model generated by easyeda2kicad.py (https://github.com/uPesy/easyeda2kicad.py)

Shape{
    appearance Appearance {
        material  Material 	{
            diffuseColor 0.0 0.5019607843137255 0.0
            specularColor 0.0 0.25098039215686274 0.0
            ambientIntensity 0.2947
            transparency 0.0
            shininess 0.5
        }
    }
    geometry IndexedFaceSet {
        ccw TRUE
        solid FALSE
        coord DEF co Coordinate {
            point [
                -0.9083 1.8852 0.3189, -0.9083 2.1654 0.3189, -2.1654 2.1654 0.3189, 0.0658 1.677 0.3189, 0.0636 1.6768 0.3189, 0.0831 1.6768 0.3189, 0.1458 1.8828 0.3189, 0.146 1.8827 0.3189, 0.146 1.8852 0.3189, 2.1063 1.811 0.3189, 2.1654 1.811 0.3189, 2.1654 1.8852 0.3189, -0.3429 1.7437 0.3189, -0.3329 1.7347 0.3189, -0.3098 1.7467 0.3189, -0.4952 1.7945 0.3189, -0.4911 1.8038 0.3189, -0.9083 1.8038 0.3189, -0.1534 1.8038 0.3189, -0.1032 1.8038 0.3189, -0.1572 1.809 0.3189, -0.1032 1.8852 0.3189, -0.1726 1.8221 0.3189, -0.2483 1.8934 0.3189, -0.2361 1.8852 0.3189, -0.2231 1.8764 0.3189, -0.2042 1.8545 0.3189, -0.1923 1.8314 0.3189, -0.1895 1.8305 0.3189, -0.2768 1.9035 0.3189, -0.1032 2.1654 0.3189, -0.3549 1.8924 0.3189, -0.3286 1.9025 0.3189, -0.3005 1.906 0.3189, -0.3665 1.8852 0.3189, -0.3688 1.8838 0.3189, -0.4861 1.815 0.3189, -0.4724 1.8326 0.3189, -0.4294 1.8571 0.3189, -0.4069 1.8599 0.3189, -0.3822 1.8724 0.3189, -0.4004 1.8595 0.3189, -0.3938 1.8588 0.3189, -0.4686 1.8362 0.3189, -0.4505 1.8489 0.3189, -0.9083 1.7467 0.3189, -0.4992 1.7677 0.3189, -0.499 1.7731 0.3189, -0.4575 1.6905 0.3189, -0.4752 1.7056 0.3189, -0.9083 1.6768 0.3189, -0.4369 1.6805 0.3189, -0.4882 1.7242 0.3189, -0.4964 1.7454 0.3189, -0.4966 1.7467 0.3189, -0.4297 1.6783 0.3189, -0.429 1.6768 0.3189, -0.424 1.6661 0.3189, -0.4155 1.6556 0.3189, -0.6558 1.4423 0.3189, -0.9083 1.645 0.3189, -0.6558 0.4208 0.3189, -0.9083 -0.1335 0.3189, -0.1032 0.4208 0.3189, -0.1032 1.4423 0.3189, -0.3618 1.6413 0.3189, -0.3756 1.6396 0.3189, -0.3778 1.6396 0.3189, -0.3912 1.6417 0.3189, -0.3992 1.645 0.3189, -0.4044 1.6472 0.3189, -0.3223 1.6768 0.3189, -0.3224 1.6765 0.3189, -0.1032 1.645 0.3189, -0.3291 1.6638 0.3189, -0.3378 1.6541 0.3189, -0.3491 1.6462 0.3189, -0.3521 1.645 0.3189, -0.1032 1.7467 0.3189, -0.1373 1.7467 0.3189, -0.1386 1.7366 0.3189, -0.2496 1.7103 0.3189, -0.2457 1.7119 0.3189, -0.239 1.7443 0.3189, -0.157 1.7028 0.3189, -0.1725 1.6897 0.3189, -0.1032 1.6768 0.3189, -0.2531 1.7079 0.3189, -0.2413 1.7125 0.3189, -0.2407 1.7124 0.3189, -0.239 1.712 0.3189, -0.1457 1.7185 0.3189, -0.2589 1.6948 0.3189, -0.2588 1.6971 0.3189, -0.3187 1.7022 0.3189, -0.2576 1.7014 0.3189, -0.2554 1.7053 0.3189, -0.1828 1.7262 0.3189, -0.1765 1.735 0.3189, -0.2456 1.6777 0.3189, -0.2494 1.6792 0.3189, -0.2531 1.6818 0.3189, -0.2544 1.6831 0.3189, -0.2569 1.6867 0.3189, -0.2584 1.6906 0.3189, -0.319 1.6905 0.3189, -0.3187 1.6965 0.3189, -0.1899 1.6812 0.3189, -0.2088 1.6772 0.3189, -0.2424 1.6772 0.3189, -0.2379 1.7119 0.3189, -0.2122 1.7119 0.3189, -0.202 1.7139 0.3189, -0.1919 1.7185 0.3189, -0.1835 1.7254 0.3189, -0.3687 1.7536 0.3189, -0.355 1.7502 0.3189, -0.2209 1.8038 0.3189, -0.3756 1.754 0.3189, -0.1726 1.7452 0.3189, -0.1724 1.7467 0.3189, -0.2404 1.7467 0.3189, -0.1712 1.7563 0.3189, -0.1715 1.7614 0.3189, -0.3892 1.7523 0.3189, -0.4508 1.8038 0.3189, -0.4018 1.7475 0.3189, -0.4567 1.7953 0.3189, -0.4616 1.7826 0.3189, -0.4587 1.7467 0.3189, -0.403 1.7467 0.3189, -0.4626 1.76 0.3189, -0.4633 1.7688 0.3189, -0.186 1.7893 0.3189, -0.1949 1.7955 0.3189, -0.1742 1.7723 0.3189, -0.1795 1.7821 0.3189, -0.2202 1.8007 0.3189, -0.2566 1.7745 0.3189, -0.2157 1.8007 0.3189, -0.2048 1.7994 0.3189, -0.3485 1.7467 0.3189, -0.4585 1.746 0.3189, -0.4229 1.7287 0.3189, -0.4135 1.7394 0.3189, -0.4518 1.7346 0.3189, -0.4416 1.7241 0.3189, -0.4291 1.7164 0.3189, -0.2325 1.835 0.3189, -0.2454 1.8503 0.3189, -0.3762 1.8172 0.3189, -0.2467 1.8515 0.3189, -0.2627 1.8626 0.3189, -0.3675 1.8352 0.3189, -0.3802 1.8194 0.3189, -0.2237 1.8166 0.3189, -0.3929 1.8241 0.3189, -0.4064 1.8257 0.3189, -0.4124 1.8254 0.3189, -0.3547 1.8505 0.3189, -0.2806 1.8695 0.3189, -0.3395 1.8616 0.3189, -0.2999 1.8719 0.3189, -0.3209 1.8691 0.3189, -0.4264 1.8221 0.3189, -0.4391 1.8153 0.3189, -0.4488 1.8066 0.3189, -0.1455 1.7929 0.3189, -0.1386 1.7755 0.3189, -0.136 1.7569 0.3189, 0.2656 1.7441 0.3189, 0.2705 1.7371 0.3189, 0.277 1.7467 0.3189, 0.1903 1.7135 0.3189, 0.2096 1.6774 0.3189, 0.1903 1.7227 0.3189, 0.2096 1.7467 0.3189, 0.1617 1.7227 0.3189, 0.277 1.6768 0.3189, 0.2723 1.7031 0.3189, 0.2681 1.6949 0.3189, 0.245 1.6791 0.3189, 0.2316 1.6774 0.3189, 0.146 1.6768 0.3189, 0.2627 1.6887 0.3189, 0.2542 1.6826 0.3189, 0.2734 1.7294 0.3189, 0.2747 1.7185 0.3189, 0.2744 1.7123 0.3189, 0.1514 1.6774 0.3189, 0.1944 1.6774 0.3189, 0.1944 1.6866 0.3189, 0.1617 1.6866 0.3189, 0.1617 1.7135 0.3189, 0.1514 1.7467 0.3189, 0.146 1.7467 0.3189, 0.1514 1.7575 0.3189, 0.1926 1.7575 0.3189, 0.1926 1.7483 0.3189, 0.1617 1.7467 0.3189, 0.1617 1.7483 0.3189, 0.2096 1.7575 0.3189, 0.2324 1.7575 0.3189, 0.277 1.8038 0.3189, 0.2341 1.7575 0.3189, 0.2461 1.7558 0.3189, 0.2556 1.7519 0.3189, 0.2627 1.7469 0.3189, 0.2629 1.7467 0.3189, -0.06 1.7467 0.3189, -0.06 1.7227 0.3189, -0.0277 1.7467 0.3189, -0.0314 1.7227 0.3189, -0.0314 1.7135 0.3189, -0.06 1.7483 0.3189, -0.0291 1.7483 0.3189, -0.0291 1.7575 0.3189, -0.0277 1.8038 0.3189, -0.0277 1.6768 0.3189, -0.0277 1.6774 0.3189, -0.0704 1.6774 0.3189, -0.0704 1.7575 0.3189, -0.0704 1.7467 0.3189, -0.0273 1.6774 0.3189, -0.0261 1.6768 0.3189, -0.0273 1.6866 0.3189, -0.0261 1.7467 0.3189, -0.0277 1.6866 0.3189, 0.0831 1.8405 0.3189, 0.0614 1.8405 0.3189, 0.0831 1.8136 0.3189, 0.0614 1.8136 0.3189, 0.0923 1.8845 0.3189, 0.1017 1.8852 0.3189, 0.0831 1.8852 0.3189, 0.0901 1.8405 0.3189, 0.0942 1.8136 0.3189, 0.0901 1.8497 0.3189, 0.0923 1.8753 0.3189, 0.0831 1.8497 0.3189, 0.0831 1.8753 0.3189, 0.0614 1.8753 0.3189, 0.0614 1.8497 0.3189, 0.0511 1.8045 0.3189, 0.0465 1.8038 0.3189, 0.0831 1.8038 0.3189, 0.1017 1.8038 0.3189, 0.0942 1.8045 0.3189, 0.0831 1.8045 0.3189, 0.0465 1.8852 0.3189, 0.0511 1.8845 0.3189, 0.0831 1.8845 0.3189, 0.0241 1.8852 0.3189, 0.0276 1.8849 0.3189, 0.0384 1.8852 0.3189, 0.0351 1.8826 0.3189, 0.0351 1.8718 0.3189, 0.0351 1.8177 0.3189, 0.0351 1.8078 0.3189, 0.0384 1.8038 0.3189, 0.0337 1.8071 0.3189, 0.0251 1.8043 0.3189, 0.02 1.8038 0.3189, 0.0332 1.8728 0.3189, 0.025 1.8756 0.3189, 0.019 1.8125 0.3189, 0.0279 1.8144 0.3189, -0.014 1.8427 0.3189, -0.014 1.8436 0.3189, 0.0162 1.8765 0.3189, 0.0133 1.8764 0.3189, 0.0063 1.8751 0.3189, -0.007 1.866 0.3189, -0.0107 1.8602 0.3189, -0.0131 1.8529 0.3189, -0.0127 1.8329 0.3189, -0.0102 1.8264 0.3189, -0.0062 1.8207 0.3189, 0.0009 1.8154 0.3189, 0.0066 1.8132 0.3189, 0.0144 1.8123 0.3189, -0.0 1.8722 0.3189, -0.0056 1.8677 0.3189, -0.0044 1.819 0.3189, -0.0038 1.8813 0.3189, 0.0046 1.8845 0.3189, -0.0261 1.8852 0.3189, 0.0105 1.8852 0.3189, -0.0261 2.1654 0.3189, 0.0161 1.8859 0.3189, 0.0384 2.1654 0.3189, 0.0174 1.8859 0.3189, 0.0057 1.8038 0.3189, -0.0261 1.8038 0.3189, -0.0011 1.8053 0.3189, -0.0086 1.809 0.3189, -0.0226 1.8587 0.3189, -0.0185 1.8675 0.3189, -0.0146 1.814 0.3189, -0.0153 1.8148 0.3189, -0.0201 1.8217 0.3189, -0.0133 1.8741 0.3189, -0.0115 1.8758 0.3189, -0.0233 1.8301 0.3189, -0.0249 1.843 0.3189, -0.0246 1.8486 0.3189, 0.0384 1.7467 0.3189, 0.0129 1.8031 0.3189, 0.0075 1.8034 0.3189, 1.8952 1.5069 0.3189, 1.8898 1.5551 0.3189, 0.6558 1.4423 0.3189, 1.8898 1.5945 0.3189, 1.8952 1.6427 0.3189, 1.8952 -0.0679 0.3189, 1.8898 -0.0197 0.3189, 0.6558 0.4208 0.3189, 1.8898 0.0197 0.3189, 1.937 0.1547 0.3189, 1.9112 0.1136 0.3189, 1.8952 0.0679 0.3189, 1.8952 0.7195 0.3189, 1.8898 0.7677 0.3189, 1.8898 0.8071 0.3189, 1.8952 0.8553 0.3189, 1.9112 0.901 0.3189, 1.937 0.9421 0.3189, 2.0123 1.0022 0.3189, 1.9713 1.3858 0.3189, 1.937 1.4201 0.3189, 2.0123 0.5726 0.3189, 1.9713 0.5984 0.3189, 1.937 0.6327 0.3189, 1.9112 0.6738 0.3189, 2.1654 1.0236 0.3189, 2.1654 1.3386 0.3189, 2.1063 1.0236 0.3189, 2.1063 1.3386 0.3189, 2.0581 1.0182 0.3189, 2.0581 1.344 0.3189, 2.0123 1.36 0.3189, 1.9713 0.9764 0.3189, 1.9112 1.4612 0.3189, 2.1654 0.2362 0.3189, 2.1654 0.5512 0.3189, 2.1063 0.2362 0.3189, 2.1063 0.5512 0.3189, 2.0581 0.2308 0.3189, 2.0581 0.5566 0.3189, 2.0123 0.2148 0.3189, 1.9713 0.189 0.3189, 0.277 -0.6878 0.3189, 1.1608 -0.6878 0.3189, 1.9237 -0.1335 0.3189, 1.937 -0.1547 0.3189, 0.277 -2.1654 0.3189, 2.1654 -2.1654 0.3189, 1.1608 -1.5816 0.3189, 2.1654 -1.811 0.3189, 2.1063 -1.811 0.3189, 2.0581 -1.8056 0.3189, 2.0123 -1.7896 0.3189, 1.9713 -0.189 0.3189, 2.0123 -0.5726 0.3189, 1.9713 -1.7638 0.3189, 1.937 -1.7295 0.3189, 1.9112 -1.6884 0.3189, 1.1608 -1.5204 0.3189, 1.8952 -1.5069 0.3189, 1.1608 -0.7489 0.3189, 1.9112 -1.4612 0.3189, 1.8952 -0.7195 0.3189, 1.8898 -0.7677 0.3189, 1.8898 -0.8071 0.3189, 1.8952 -0.8553 0.3189, 1.8952 -1.6427 0.3189, 1.8898 -1.5945 0.3189, 1.8898 -1.5551 0.3189, 2.0123 -1.36 0.3189, 1.9713 -0.9764 0.3189, 1.937 -0.9421 0.3189, 1.9112 -0.6738 0.3189, 1.937 -0.6327 0.3189, 1.9713 -0.5984 0.3189, 2.1654 -1.3386 0.3189, 2.1654 -1.0236 0.3189, 2.1063 -1.3386 0.3189, 2.1063 -1.0236 0.3189, 2.0581 -1.344 0.3189, 2.0581 -1.0182 0.3189, 2.0123 -1.0022 0.3189, 1.937 -1.4201 0.3189, 1.9713 -1.3858 0.3189, 1.9112 -0.901 0.3189, 2.1654 -0.5512 0.3189, 2.1654 -0.2362 0.3189, 2.1063 -0.5512 0.3189, 2.1063 -0.2362 0.3189, 2.0581 -0.5566 0.3189, 2.0581 -0.2308 0.3189, 2.0123 -0.2148 0.3189, -0.9083 -1.5816 0.3189, -1.1608 -1.5816 0.3189, -2.1654 -2.1654 0.3189, -1.8952 -1.6427 0.3189, -1.9112 -1.6884 0.3189, -2.0123 -0.5726 0.3189, -1.9713 -0.5984 0.3189, -2.0581 -0.2308 0.3189, -2.1654 -1.811 0.3189, -2.1063 -1.811 0.3189, -2.0581 -1.8056 0.3189, -2.0123 -0.2148 0.3189, -1.9713 -0.9764 0.3189, -1.1608 -1.5204 0.3189, -1.937 -0.9421 0.3189, -1.9112 -0.901 0.3189, -1.937 -1.7295 0.3189, -1.9713 -1.7638 0.3189, -2.0123 -1.7896 0.3189, -1.937 -0.6327 0.3189, -1.1608 -0.6878 0.3189, -1.9713 -0.189 0.3189, -1.8952 -0.8553 0.3189, -1.1608 -0.7489 0.3189, -1.8898 -0.8071 0.3189, -2.0123 -1.0022 0.3189, -1.9713 -1.3858 0.3189, -2.0581 -1.0182 0.3189, -2.0123 -1.36 0.3189, -1.937 -1.4201 0.3189, -1.9112 -1.4612 0.3189, -1.8952 -1.5069 0.3189, -1.8898 -1.5551 0.3189, -1.8898 -1.5945 0.3189, -1.9112 -0.6738 0.3189, -1.8952 -0.7195 0.3189, -1.8898 -0.7677 0.3189, -2.1654 -0.2362 0.3189, -2.1654 -0.5512 0.3189, -2.1063 -0.2362 0.3189, -2.1063 -0.5512 0.3189, -2.0581 -0.5566 0.3189, -2.1654 -1.0236 0.3189, -2.1654 -1.3386 0.3189, -2.1063 -1.0236 0.3189, -2.1063 -1.3386 0.3189, -2.0581 -1.344 0.3189, -1.8952 1.5069 0.3189, -1.9112 1.4612 0.3189, -1.8952 -0.0679 0.3189, -1.9112 -0.1136 0.3189, -1.9237 -0.1335 0.3189, -1.937 -0.1547 0.3189, -1.8898 1.5551 0.3189, -1.9713 1.3858 0.3189, -1.9713 0.9764 0.3189, -1.937 0.9421 0.3189, -1.937 0.6327 0.3189, -1.9713 0.5984 0.3189, -1.9713 0.189 0.3189, -2.0123 1.36 0.3189, -2.0581 1.344 0.3189, -2.0123 1.0022 0.3189, -1.896 1.645 0.3189, -1.8952 1.6427 0.3189, -1.8898 1.5945 0.3189, -1.9112 0.901 0.3189, -1.937 1.4201 0.3189, -1.8952 0.0679 0.3189, -1.8898 0.0197 0.3189, -1.8898 -0.0197 0.3189, -2.0123 0.2148 0.3189, -2.0123 0.5726 0.3189, -2.0581 0.5566 0.3189, -1.8952 0.8553 0.3189, -1.8898 0.8071 0.3189, -1.8898 0.7677 0.3189, -2.1654 1.3386 0.3189, -2.1654 1.0236 0.3189, -2.1063 1.3386 0.3189, -2.1063 1.0236 0.3189, -2.0581 1.0182 0.3189, -1.9112 0.1136 0.3189, -1.937 0.1547 0.3189, -1.8952 0.7195 0.3189, -1.9112 0.6738 0.3189, -2.1654 0.5512 0.3189, -2.1654 0.2362 0.3189, -2.1063 0.5512 0.3189, -2.1063 0.2362 0.3189, -2.0581 0.2308 0.3189, -1.9542 1.7467 0.3189, -1.937 1.7295 0.3189, -1.9112 1.6884 0.3189, -1.9071 1.6768 0.3189, -1.9713 1.7638 0.3189, -2.0123 1.7896 0.3189, -2.0581 1.8056 0.3189, -2.1654 1.8852 0.3189, -2.1063 1.811 0.3189, -2.1654 1.811 0.3189, 2.0581 1.8056 0.3189, 0.277 1.8852 0.3189, 2.0529 1.8038 0.3189, 0.3097 1.7575 0.3189, 0.3207 1.7575 0.3189, 0.3248 1.7467 0.3189, 1.9542 1.7467 0.3189, 1.9713 1.7638 0.3189, 0.3056 1.7467 0.3189, 0.2792 1.6774 0.3189, 0.2906 1.6774 0.3189, 0.3398 1.6774 0.3189, 0.3316 1.6993 0.3189, 0.2983 1.6993 0.3189, 1.9071 1.6768 0.3189, 1.9112 1.6884 0.3189, 1.937 1.7295 0.3189, 0.3512 1.6774 0.3189, 0.277 1.645 0.3189, 1.896 1.645 0.3189, -0.1032 -0.1335 0.3189, -0.0277 -0.1335 0.3189, -0.0277 0.4208 0.3189, -0.0261 -0.1335 0.3189, -0.0261 0.4208 0.3189, 0.0384 -0.1335 0.3189, 0.0384 0.4208 0.3189, 0.0465 -0.1335 0.3189, 0.0465 0.4208 0.3189, 0.0831 -0.1335 0.3189, 0.0831 0.4208 0.3189, 0.1017 -0.1335 0.3189, 0.1017 0.4208 0.3189, 0.146 -0.1335 0.3189, 0.146 0.4208 0.3189, 0.277 -0.1335 0.3189, 0.277 0.4208 0.3189, 0.0465 1.645 0.3189, 0.0831 1.4423 0.3189, 0.0831 1.645 0.3189, 0.1017 1.4423 0.3189, 0.1017 1.645 0.3189, 0.146 1.4423 0.3189, 0.146 1.645 0.3189, 0.277 1.4423 0.3189, 0.0465 1.4423 0.3189, 0.0384 1.645 0.3189, 0.0384 1.4423 0.3189, -0.0261 1.645 0.3189, -0.0261 1.4423 0.3189, -0.0277 1.645 0.3189, -0.0277 1.4423 0.3189, -0.9083 -0.6878 0.3189, -0.1032 -0.6878 0.3189, -0.0277 -0.6878 0.3189, -0.0261 -0.6878 0.3189, 0.0384 -0.6878 0.3189, 0.0465 -0.6878 0.3189, 0.0831 -0.6878 0.3189, 0.1017 -0.6878 0.3189, 0.146 -0.6878 0.3189, 1.9112 -0.1136 0.3189, -0.9083 -2.1654 0.3189, -0.1032 -2.1654 0.3189, -0.1032 -1.5816 0.3189, -0.0277 -2.1654 0.3189, -0.0277 -1.5816 0.3189, -0.0261 -2.1654 0.3189, -0.0261 -1.5816 0.3189, 0.0384 -2.1654 0.3189, 0.0384 -1.5816 0.3189, 0.0465 -2.1654 0.3189, 0.0465 -1.5816 0.3189, 0.0831 -2.1654 0.3189, 0.0831 -1.5816 0.3189, 0.1017 -2.1654 0.3189, 0.1017 -1.5816 0.3189, 0.146 -2.1654 0.3189, 0.146 -1.5816 0.3189, 0.277 -1.5816 0.3189, 0.1903 1.8045 0.3189, 0.1789 1.8045 0.3189, 0.146 1.8038 0.3189, 0.2205 1.8845 0.3189, 0.251 1.8045 0.3189, 0.2395 1.8045 0.3189, 0.2314 1.8264 0.3189, 0.198 1.8264 0.3189, 0.2094 1.8845 0.3189, 2.0123 1.7896 0.3189, 0.1624 1.8739 0.3189, 0.1653 1.8711 0.3189, 0.1702 1.8641 0.3189, 0.1732 1.8564 0.3189, 0.146 1.8065 0.3189, 0.1539 1.8096 0.3189, 0.1624 1.8157 0.3189, 0.1678 1.822 0.3189, 0.1553 1.879 0.3189, 0.1745 1.8455 0.3189, 0.1741 1.8393 0.3189, 0.172 1.8301 0.3189, 0.1321 1.8845 0.3189, 0.1338 1.8845 0.3189, 0.1448 1.8061 0.3189, 0.1313 1.8045 0.3189, 0.1093 1.8045 0.3189, 0.1093 1.8845 0.3189, -0.016 1.7012 0.3189, -0.0139 1.7045 0.3189, -0.0121 1.7209 0.3189, -0.0172 1.6976 0.3189, 0.0384 1.6768 0.3189, 0.0282 1.6774 0.3189, 0.0182 1.6774 0.3189, 0.0273 1.7224 0.3189, 0.0282 1.7142 0.3189, -0.0056 1.6768 0.3189, -0.0094 1.6782 0.3189, -0.0128 1.6806 0.3189, -0.0139 1.6817 0.3189, -0.0109 1.7072 0.3189, -0.0068 1.7094 0.3189, -0.0055 1.7251 0.3189, 0.0013 1.7114 0.3189, 0.01 1.7274 0.3189, 0.0066 1.7278 0.3189, 0.0008 1.7272 0.3189, -0.016 1.6848 0.3189, -0.0172 1.6882 0.3189, -0.0177 1.6927 0.3189, -0.0121 1.7306 0.3189, -0.0089 1.7324 0.3189, 0.018 1.734 0.3189, 0.0213 1.7321 0.3189, 0.0182 1.6863 0.3189, 0.0179 1.6863 0.3189, 0.0164 1.6839 0.3189, 0.0132 1.6805 0.3189, 0.0236 1.7299 0.3189, 0.0257 1.7268 0.3189, 0.0182 1.7138 0.3189, 0.0179 1.7182 0.3189, 0.0168 1.7218 0.3189, 0.0156 1.7239 0.3189, 0.0141 1.7255 0.3189, 0.0123 1.7266 0.3189, -0.0013 1.735 0.3189, 0.0076 1.7359 0.3189, 0.0138 1.7353 0.3189, 0.0059 1.6768 0.3189, 0.0056 1.6767 0.3189, 0.0004 1.6761 0.3189, -0.0054 1.6768 0.3189, 0.0418 1.6794 0.3189, 0.0418 1.6898 0.3189, 0.0419 1.7192 0.3189, 0.0423 1.7228 0.3189, 0.0434 1.7122 0.3189, 0.0423 1.7153 0.3189, 0.0465 1.6872 0.3189, 0.0465 1.7084 0.3189, 0.0452 1.6877 0.3189, 0.0464 1.7084 0.3189, 0.0447 1.7101 0.3189, 0.0465 1.6778 0.3189, 0.0465 1.6768 0.3189, 0.0487 1.677 0.3189, 0.051 1.6768 0.3189, 0.0573 1.6761 0.3189, 0.0831 1.7467 0.3189, 0.0777 1.7334 0.3189, 0.0777 1.7237 0.3189, 0.0771 1.7024 0.3189, 0.079 1.6997 0.3189, 0.0483 1.7314 0.3189, 0.0509 1.733 0.3189, 0.0465 1.7467 0.3189, 0.0787 1.6858 0.3189, 0.0769 1.6831 0.3189, 0.0435 1.726 0.3189, 0.0453 1.7287 0.3189, 0.0465 1.7297 0.3189, 0.08 1.6967 0.3189, 0.0804 1.693 0.3189, 0.08 1.689 0.3189, 0.0564 1.735 0.3189, 0.0642 1.7359 0.3189, 0.0704 1.7354 0.3189, 0.074 1.6806 0.3189, 0.0712 1.6789 0.3189, 0.0632 1.7278 0.3189, 0.0602 1.7276 0.3189, 0.0522 1.7201 0.3189, 0.0575 1.7269 0.3189, 0.0553 1.7257 0.3189, 0.0523 1.7188 0.3189, 0.0527 1.7172 0.3189, 0.0534 1.7158 0.3189, 0.0544 1.7148 0.3189, 0.0579 1.7126 0.3189, 0.0703 1.7269 0.3189, 0.0642 1.7099 0.3189, 0.076 1.7247 0.3189, 0.068 1.7083 0.3189, 0.0747 1.7046 0.3189, 0.0538 1.7243 0.3189, 0.0529 1.723 0.3189, 0.0524 1.7217 0.3189, 0.0514 1.6852 0.3189, 0.0571 1.7026 0.3189, 0.0511 1.7053 0.3189, 0.0583 1.6843 0.3189, 0.0588 1.6843 0.3189, 0.0637 1.6998 0.3189, 0.0639 1.6849 0.3189, 0.0702 1.692 0.3189, 0.0701 1.6933 0.3189, 0.0665 1.6858 0.3189, 0.0674 1.6864 0.3189, 0.0686 1.6874 0.3189, 0.0694 1.6887 0.3189, 0.0699 1.6901 0.3189, 0.0696 1.6948 0.3189, 0.0688 1.6962 0.3189, 0.0676 1.6975 0.3189, 0.1302 1.7346 0.3189, 0.1406 1.7346 0.3189, 0.1177 1.6768 0.3189, 0.1118 1.6916 0.3189, 0.1131 1.6869 0.3189, 0.1133 1.6869 0.3189, 0.1017 1.7467 0.3189, 0.1017 1.7207 0.3189, 0.1145 1.6916 0.3189, 0.1138 1.6889 0.3189, 0.1017 1.6938 0.3189, 0.0857 1.7346 0.3189, 0.0969 1.7346 0.3189, 0.1078 1.6768 0.3189, 0.1081 1.6776 0.3189, 0.1017 1.6635 0.3189, 0.1017 1.6636 0.3189, 0.1017 1.6768 0.3189, 0.1037 1.6672 0.3189, 0.0877 1.6602 0.3189, 0.0877 1.6513 0.3189, 0.0898 1.6596 0.3189, 0.0934 1.6591 0.3189, 0.0958 1.6594 0.3189, 0.1017 1.6523 0.3189, 0.0983 1.651 0.3189, 0.0942 1.6505 0.3189, 0.092 1.6506 0.3189, 0.098 1.6602 0.3189, 0.0999 1.6615 0.3189, 0.1146 1.6688 0.3189, 0.1101 1.66 0.3189, 0.1064 1.6555 0.3189, 0.1057 1.6549 0.3189, 0.1022 1.6525 0.3189, 0.0465 2.1654 0.3189, 0.0831 2.1654 0.3189, 0.1017 2.1654 0.3189, 0.146 2.1654 0.3189, 0.277 2.1654 0.3189, 2.1654 2.1654 0.3189, -0.0277 1.8852 0.3189, -0.0277 2.1654 0.3189, -2.0529 1.8038 0.3189, -0.0282 1.8136 0.3189, -0.0282 1.8045 0.3189, -0.0704 1.8045 0.3189, -0.06 1.8136 0.3189, -0.06 1.8845 0.3189, -0.0704 1.8845 0.3189, -0.06 1.6866 0.3189, -0.06 1.7135 0.3189, 0.0097 1.6781 0.3189, 2.1654 -1.0236 0.0039, 2.1654 -1.0236 0.0, 2.1654 -0.9843 0.0, 2.1654 -1.378 0.3228, 2.1654 -1.378 0.0, 2.1654 -1.3386 0.0039, 2.1654 -1.3386 0.0, 2.1654 -0.9843 0.3228, 2.1654 -1.0236 0.3228, 2.1654 -1.3386 0.3228, 2.1654 -1.7717 0.0, 2.1654 -1.7717 0.3228, 2.1654 -1.811 0.3228, 2.1654 -1.811 0.0, 2.1654 -1.811 0.0039, 2.1654 -2.1654 0.0039, 2.1654 -0.2362 0.0039, 2.1654 -0.2362 0.0, 2.1654 -0.1969 0.0, 2.1654 -0.5906 0.3228, 2.1654 -0.5906 0.0, 2.1654 -0.5512 0.0039, 2.1654 -0.5512 0.0, 2.1654 -0.1969 0.3228, 2.1654 -0.2362 0.3228, 2.1654 -0.5512 0.3228, 2.1654 0.5512 0.0039, 2.1654 0.5512 0.0, 2.1654 0.5906 0.0, 2.1654 0.1969 0.3228, 2.1654 0.1969 0.0, 2.1654 0.2362 0.0039, 2.1654 0.2362 0.0, 2.1654 0.5906 0.3228, 2.1654 0.5512 0.3228, 2.1654 0.2362 0.3228, 2.1654 1.3386 0.0039, 2.1654 1.3386 0.0, 2.1654 1.378 0.0, 2.1654 0.9843 0.3228, 2.1654 0.9843 0.0, 2.1654 1.0236 0.0039, 2.1654 1.0236 0.0, 2.1654 1.378 0.3228, 2.1654 1.3386 0.3228, 2.1654 1.0236 0.3228, 2.1654 1.7717 0.3228, 2.1654 1.7717 0.0, 2.1654 1.811 0.0039, 2.1654 1.811 0.0, 2.1654 1.811 0.3228, 2.1654 2.1654 0.0039, 1.8155 -1.7896 0.0039, 1.8613 -1.8056 0.0039, 1.9094 -1.811 0.0039, -1.8613 -1.8056 0.0039, -2.1654 -2.1654 0.0039, -1.9094 -1.811 0.0039, -2.1654 -1.811 0.0039, -1.8155 -1.7896 0.0039, -1.7744 -1.7638 0.0039, -1.1608 -1.5816 0.0039, -1.7402 -1.4201 0.0039, -1.7744 -1.3858 0.0039, -1.1608 -1.1347 0.0039, 1.7144 -0.6738 0.0039, 1.6983 -0.7195 0.0039, 1.1608 -0.6878 0.0039, 1.7744 -1.7638 0.0039, 1.1608 -1.5816 0.0039, 1.7402 -1.7295 0.0039, 1.7144 -1.6884 0.0039, 1.8613 1.8056 0.0039, 1.9094 1.811 0.0039, 1.8155 1.7896 0.0039, 1.7744 1.7638 0.0039, -1.7744 1.7638 0.0039, -1.6983 1.6427 0.0039, -1.7144 1.6884 0.0039, 1.7144 1.6884 0.0039, -2.1654 1.811 0.0039, -2.1654 2.1654 0.0039, -1.9094 1.811 0.0039, -1.8613 1.8056 0.0039, -1.8613 -1.0182 0.0039, -1.8155 -1.0022 0.0039, 1.1608 -1.1347 0.0039, 1.7402 -1.4201 0.0039, 1.7144 -1.4612 0.0039, 1.7402 1.7295 0.0039, -1.7402 1.7295 0.0039, -1.7402 -1.7295 0.0039, -1.7144 -1.6884 0.0039, -1.6983 -1.6427 0.0039, -1.6983 -1.5069 0.0039, -1.7144 -1.4612 0.0039, -1.6929 -0.7677 0.0039, -1.6983 -0.7195 0.0039, -1.1608 -0.6878 0.0039, -1.7144 -0.6738 0.0039, -1.7402 -0.6327 0.0039, 1.6983 -1.5069 0.0039, 1.6929 -1.5551 0.0039, -1.8155 1.7896 0.0039, -1.6929 -1.5945 0.0039, -1.6929 -1.5551 0.0039, -1.7744 -0.9764 0.0039, -1.7402 -0.9421 0.0039, -1.7144 -0.901 0.0039, -1.6983 -0.8553 0.0039, -1.6929 -0.8071 0.0039, -1.8613 -0.2308 0.0039, -1.8155 -0.2148 0.0039, -1.7744 -0.5984 0.0039, -1.7744 -0.189 0.0039, -1.7402 -0.1547 0.0039, 1.6929 -1.5945 0.0039, 1.6983 -1.6427 0.0039, 1.6983 -0.0679 0.0039, 1.7144 -0.1136 0.0039, -1.6983 1.5069 0.0039, -1.7144 1.4612 0.0039, -1.7402 1.4201 0.0039, -2.1654 -1.3386 0.0039, -2.1654 -1.0236 0.0039, -1.9094 -1.3386 0.0039, -1.9094 -1.0236 0.0039, -1.8613 -1.344 0.0039, -1.8155 -1.36 0.0039, 1.7744 0.189 0.0039, 1.7402 0.1547 0.0039, 1.8155 0.5726 0.0039, -1.7744 0.9764 0.0039, -1.8613 1.344 0.0039, -1.8155 1.36 0.0039, 1.7744 -0.189 0.0039, 1.8613 -0.5566 0.0039, 1.7402 -0.1547 0.0039, 1.8155 -0.5726 0.0039, 1.7744 -0.5984 0.0039, 1.7402 -0.6327 0.0039, 1.6929 -0.7677 0.0039, 1.6929 -0.8071 0.0039, 1.6983 -0.8553 0.0039, 1.7144 -0.901 0.0039, 1.7744 -0.9764 0.0039, 1.8613 -1.344 0.0039, 1.7402 -0.9421 0.0039, 1.8155 -1.36 0.0039, 1.7744 -1.3858 0.0039, 1.6929 1.5945 0.0039, 1.6929 1.5551 0.0039, -1.7144 0.901 0.0039, 1.6983 1.5069 0.0039, 1.7144 1.4612 0.0039, 1.7744 1.3858 0.0039, 1.8613 1.0182 0.0039, 1.7402 1.4201 0.0039, 1.8155 1.0022 0.0039, 1.7744 0.9764 0.0039, 1.7402 0.9421 0.0039, 1.7144 0.901 0.0039, 1.6983 0.0679 0.0039, -1.6983 0.8553 0.0039, 1.7144 0.1136 0.0039, -1.7744 1.3858 0.0039, -1.7402 0.9421 0.0039, 1.6983 1.6427 0.0039, -1.6929 1.5551 0.0039, -1.6929 1.5945 0.0039, 1.9094 -0.2362 0.0039, 1.9094 -0.5512 0.0039, 1.8613 -0.2308 0.0039, 1.8155 -0.2148 0.0039, 1.9094 -1.0236 0.0039, 1.9094 -1.3386 0.0039, 1.8613 -1.0182 0.0039, 1.8155 -1.0022 0.0039, 1.9094 1.3386 0.0039, 1.9094 1.0236 0.0039, 1.8613 1.344 0.0039, 1.8155 1.36 0.0039, -1.6983 0.7195 0.0039, -1.7144 0.6738 0.0039, -1.7402 0.6327 0.0039, -2.1654 -0.5512 0.0039, -2.1654 -0.2362 0.0039, -1.9094 -0.5512 0.0039, -1.9094 -0.2362 0.0039, -1.8613 -0.5566 0.0039, -1.8155 -0.5726 0.0039, 1.6983 0.8553 0.0039, 1.6929 0.8071 0.0039, 1.6929 0.7677 0.0039, 1.6983 0.7195 0.0039, -1.7744 0.189 0.0039, -1.7402 0.1547 0.0039, -1.7144 0.1136 0.0039, -1.6983 0.0679 0.0039, -1.6929 0.7677 0.0039, -1.6929 0.8071 0.0039, -2.1654 1.0236 0.0039, -2.1654 1.3386 0.0039, -1.9094 1.0236 0.0039, -1.9094 1.3386 0.0039, -1.8613 1.0182 0.0039, -1.8155 1.0022 0.0039, 1.7144 0.6738 0.0039, 1.7402 0.6327 0.0039, 1.7744 0.5984 0.0039, -1.8613 0.5566 0.0039, -1.8155 0.5726 0.0039, -1.7744 0.5984 0.0039, 1.9094 0.5512 0.0039, 1.9094 0.2362 0.0039, 1.8613 0.5566 0.0039, 1.8613 0.2308 0.0039, 1.8155 0.2148 0.0039, -2.1654 0.2362 0.0039, -2.1654 0.5512 0.0039, -1.9094 0.2362 0.0039, -1.9094 0.5512 0.0039, -1.8613 0.2308 0.0039, -1.8155 0.2148 0.0039, -1.6929 0.0197 0.0039, 1.6929 0.0197 0.0039, -1.6929 -0.0197 0.0039, 1.6929 -0.0197 0.0039, -1.6983 -0.0679 0.0039, -1.7144 -0.1136 0.0039, -2.1654 -1.3386 0.0, -2.1654 -1.378 0.0, -2.1654 -0.9843 0.3228, -2.1654 -0.9843 0.0, -2.1654 -1.0236 0.0, -2.1654 -1.378 0.3228, -2.1654 -1.3386 0.3228, -2.1654 -1.0236 0.3228, -2.1654 -0.2362 0.3228, -2.1654 -0.1969 0.3228, -2.1654 -0.5906 0.0, -2.1654 -0.5906 0.3228, -2.1654 -0.5512 0.3228, -2.1654 -0.1969 0.0, -2.1654 -0.2362 0.0, -2.1654 -0.5512 0.0, -2.1654 0.5512 0.3228, -2.1654 0.5906 0.3228, -2.1654 0.1969 0.0, -2.1654 0.1969 0.3228, -2.1654 0.2362 0.3228, -2.1654 0.5906 0.0, -2.1654 0.5512 0.0, -2.1654 0.2362 0.0, -2.1654 1.3386 0.3228, -2.1654 1.378 0.3228, -2.1654 0.9843 0.0, -2.1654 0.9843 0.3228, -2.1654 1.0236 0.3228, -2.1654 1.378 0.0, -2.1654 1.3386 0.0, -2.1654 1.0236 0.0, -2.1654 -1.7717 0.3228, -2.1654 -1.7717 0.0, -2.1654 -1.811 0.0, -2.1654 -1.811 0.3228, 1.1608 -1.4756 0.2008, 1.1608 -1.413 0.1192, 1.1608 -1.5149 0.2957, 1.1608 -1.3315 0.0567, 1.1608 -1.2366 0.0174, -1.1608 -1.2366 0.0174, -1.1608 -1.3315 0.0567, -1.1608 -1.413 0.1192, -1.1608 -1.4756 0.2008, -1.1608 -1.5149 0.2957, -2.1654 1.7717 0.0, -2.1654 1.7717 0.3228, -2.1654 1.811 0.3228, -2.1654 1.811 0.0
            ]
        }
        coordIndex [
            0,1,2,-1,3,4,5,-1,6,7,8,-1,9,10,11,-1,12,13,14,-1,15,16,17,-1,18,19,20,-1,20,19,21,-1,20,21,22,-1,23,24,21,-1,21,24,25,-1,21,25,26,-1,26,27,21,-1,21,27,28,-1,21,28,22,-1,29,23,30,-1,31,32,1,-1,1,32,30,-1,30,32,33,-1,30,33,29,-1,31,1,34,-1,34,1,0,-1,34,0,35,-1,17,16,0,-1,0,16,36,-1,0,36,37,-1,0,38,35,-1,35,38,39,-1,35,39,40,-1,40,39,41,-1,40,41,42,-1,37,43,0,-1,0,43,44,-1,0,44,38,-1,45,46,17,-1,17,46,47,-1,17,47,15,-1,48,49,50,-1,48,50,51,-1,49,52,50,-1,50,52,53,-1,50,53,45,-1,45,53,54,-1,45,54,46,-1,55,51,56,-1,56,51,50,-1,56,50,57,-1,57,50,58,-1,59,60,61,-1,61,60,62,-1,61,62,63,-1,64,65,66,-1,64,66,59,-1,66,67,59,-1,59,67,68,-1,59,68,60,-1,60,68,69,-1,60,69,50,-1,50,69,70,-1,50,70,58,-1,71,72,73,-1,73,72,74,-1,74,75,73,-1,73,75,76,-1,73,76,77,-1,78,79,80,-1,81,82,83,-1,84,85,86,-1,81,83,87,-1,82,88,83,-1,83,88,89,-1,83,89,90,-1,78,80,86,-1,86,80,91,-1,86,91,84,-1,92,93,94,-1,94,93,95,-1,94,95,83,-1,83,95,96,-1,83,96,87,-1,83,97,98,-1,99,100,71,-1,71,100,101,-1,71,101,102,-1,102,103,71,-1,71,103,104,-1,71,104,105,-1,105,104,92,-1,105,92,106,-1,106,92,94,-1,85,107,86,-1,86,107,108,-1,86,108,71,-1,71,108,109,-1,71,109,99,-1,90,110,83,-1,83,110,111,-1,83,111,112,-1,112,113,83,-1,83,113,114,-1,83,114,97,-1,115,116,117,-1,115,117,118,-1,98,119,83,-1,83,119,120,-1,83,120,121,-1,121,120,122,-1,121,122,123,-1,124,125,126,-1,126,125,127,-1,126,127,128,-1,129,130,131,-1,131,130,126,-1,131,126,132,-1,132,126,128,-1,121,133,134,-1,123,135,121,-1,121,135,136,-1,121,136,133,-1,137,138,139,-1,139,138,121,-1,139,121,140,-1,140,121,134,-1,137,117,138,-1,138,117,116,-1,138,116,14,-1,14,116,141,-1,14,141,12,-1,142,143,129,-1,129,143,144,-1,129,144,130,-1,142,145,143,-1,143,145,146,-1,143,146,147,-1,148,149,150,-1,149,151,150,-1,150,151,152,-1,150,152,153,-1,125,150,154,-1,124,118,125,-1,125,118,117,-1,125,117,150,-1,150,117,155,-1,150,155,148,-1,154,156,125,-1,125,156,157,-1,125,157,158,-1,153,152,159,-1,159,152,160,-1,159,160,161,-1,161,160,162,-1,161,162,163,-1,164,165,158,-1,158,165,166,-1,158,166,125,-1,18,167,19,-1,19,167,168,-1,19,168,78,-1,78,168,169,-1,78,169,79,-1,170,171,172,-1,173,174,175,-1,175,174,176,-1,175,176,177,-1,178,179,180,-1,181,182,178,-1,178,182,174,-1,178,174,183,-1,180,184,178,-1,178,184,185,-1,178,185,181,-1,171,186,172,-1,172,186,187,-1,172,187,178,-1,178,187,188,-1,178,188,179,-1,189,183,190,-1,190,183,174,-1,190,174,191,-1,191,174,173,-1,191,173,192,-1,192,173,193,-1,189,194,195,-1,195,194,196,-1,197,198,176,-1,177,176,199,-1,199,176,198,-1,199,198,200,-1,201,202,203,-1,203,202,204,-1,203,204,205,-1,205,206,203,-1,203,206,207,-1,203,207,172,-1,172,207,208,-1,172,208,170,-1,209,210,211,-1,211,210,212,-1,211,212,213,-1,214,209,215,-1,215,209,211,-1,215,211,216,-1,216,211,217,-1,218,219,220,-1,221,19,222,-1,222,19,78,-1,222,78,220,-1,220,78,86,-1,220,86,218,-1,219,218,223,-1,223,218,224,-1,223,224,225,-1,225,224,226,-1,225,226,227,-1,228,229,230,-1,230,229,231,-1,232,233,234,-1,228,230,235,-1,235,230,236,-1,235,236,237,-1,237,236,238,-1,237,238,239,-1,238,240,239,-1,239,240,241,-1,239,241,242,-1,243,244,245,-1,232,238,233,-1,233,238,236,-1,233,236,246,-1,246,236,247,-1,246,247,245,-1,245,247,248,-1,245,248,243,-1,249,250,234,-1,234,250,251,-1,234,251,232,-1,252,253,254,-1,254,253,255,-1,254,255,256,-1,257,258,259,-1,258,260,259,-1,259,260,261,-1,259,261,262,-1,257,263,264,-1,265,266,267,-1,267,266,257,-1,267,257,268,-1,264,269,257,-1,257,269,270,-1,257,270,271,-1,272,273,257,-1,257,273,274,-1,257,274,268,-1,275,276,277,-1,278,279,267,-1,267,279,280,-1,267,280,265,-1,271,281,257,-1,257,281,282,-1,257,282,272,-1,275,277,267,-1,267,277,283,-1,267,283,278,-1,284,285,286,-1,286,285,287,-1,286,287,288,-1,288,287,289,-1,288,289,290,-1,290,289,291,-1,290,291,252,-1,226,292,293,-1,293,292,294,-1,293,294,295,-1,296,297,286,-1,295,298,293,-1,293,298,299,-1,293,299,300,-1,297,301,286,-1,286,301,302,-1,286,302,284,-1,300,303,293,-1,293,303,304,-1,293,304,286,-1,286,304,305,-1,286,305,296,-1,306,307,226,-1,226,307,308,-1,226,308,292,-1,309,310,311,-1,311,310,312,-1,311,312,313,-1,314,315,316,-1,316,315,317,-1,318,311,319,-1,319,311,316,-1,319,316,320,-1,320,316,317,-1,321,322,311,-1,311,322,323,-1,311,323,324,-1,324,325,311,-1,311,325,326,-1,311,326,309,-1,327,328,329,-1,330,331,318,-1,318,331,332,-1,318,332,311,-1,311,332,333,-1,311,333,321,-1,334,335,336,-1,336,335,337,-1,336,337,338,-1,338,337,339,-1,338,339,327,-1,327,339,340,-1,327,340,328,-1,326,341,309,-1,309,341,327,-1,309,327,342,-1,342,327,329,-1,343,344,345,-1,345,344,346,-1,345,346,347,-1,347,346,348,-1,347,348,349,-1,349,348,330,-1,349,330,350,-1,350,330,318,-1,351,352,353,-1,353,352,354,-1,355,356,357,-1,356,358,359,-1,359,360,356,-1,356,360,361,-1,356,361,357,-1,362,354,363,-1,361,364,357,-1,357,364,365,-1,357,365,366,-1,367,368,369,-1,369,368,370,-1,371,352,372,-1,372,352,369,-1,372,369,373,-1,373,369,374,-1,366,375,357,-1,357,375,376,-1,357,376,367,-1,367,376,377,-1,367,377,368,-1,378,379,380,-1,371,381,352,-1,352,381,382,-1,352,382,354,-1,354,382,383,-1,354,383,363,-1,384,385,386,-1,386,385,387,-1,386,387,388,-1,388,387,389,-1,388,389,378,-1,378,389,390,-1,378,390,379,-1,370,391,369,-1,369,391,392,-1,369,392,374,-1,374,392,378,-1,374,378,393,-1,393,378,380,-1,394,395,396,-1,396,395,397,-1,396,397,398,-1,398,397,399,-1,398,399,363,-1,363,399,400,-1,363,400,362,-1,401,402,403,-1,404,405,402,-1,406,407,408,-1,409,403,410,-1,410,403,411,-1,408,407,412,-1,413,414,415,-1,415,414,416,-1,405,417,402,-1,402,417,418,-1,402,418,403,-1,403,418,419,-1,403,419,411,-1,420,421,407,-1,407,421,422,-1,407,422,412,-1,416,414,423,-1,423,414,424,-1,423,424,425,-1,413,426,427,-1,427,426,428,-1,427,428,429,-1,413,427,414,-1,414,427,430,-1,414,430,431,-1,431,432,414,-1,414,432,433,-1,414,433,402,-1,402,433,434,-1,402,434,404,-1,420,435,421,-1,421,435,436,-1,421,436,424,-1,424,436,437,-1,424,437,425,-1,438,439,440,-1,440,439,441,-1,440,441,408,-1,408,441,442,-1,408,442,406,-1,443,444,445,-1,445,444,446,-1,445,446,428,-1,428,446,447,-1,428,447,429,-1,448,449,62,-1,450,451,62,-1,62,451,452,-1,62,452,421,-1,421,452,453,-1,421,453,422,-1,448,62,454,-1,455,456,457,-1,458,459,460,-1,455,461,456,-1,456,461,462,-1,456,462,463,-1,50,464,60,-1,60,464,465,-1,60,465,62,-1,62,465,466,-1,62,466,454,-1,457,467,455,-1,455,467,62,-1,455,62,468,-1,468,62,449,-1,469,470,62,-1,62,470,471,-1,62,471,450,-1,460,459,472,-1,472,459,473,-1,472,473,474,-1,467,475,62,-1,62,475,476,-1,62,476,477,-1,478,479,480,-1,480,479,481,-1,480,481,462,-1,462,481,482,-1,462,482,463,-1,469,62,483,-1,483,62,477,-1,483,477,484,-1,484,477,485,-1,484,485,460,-1,460,485,486,-1,460,486,458,-1,487,488,489,-1,489,488,490,-1,489,490,474,-1,474,490,491,-1,474,491,472,-1,492,493,45,-1,45,493,494,-1,45,494,50,-1,50,494,495,-1,50,495,464,-1,492,45,496,-1,496,45,17,-1,496,17,497,-1,498,499,500,-1,500,499,501,-1,9,11,502,-1,502,11,503,-1,502,503,504,-1,203,505,506,-1,507,508,506,-1,506,508,509,-1,505,203,510,-1,510,203,172,-1,510,172,511,-1,511,172,178,-1,511,178,512,-1,513,514,515,-1,516,517,507,-1,507,517,518,-1,507,518,508,-1,515,512,513,-1,513,512,178,-1,513,178,519,-1,520,521,516,-1,62,522,63,-1,63,522,523,-1,63,523,524,-1,524,523,525,-1,524,525,526,-1,526,525,527,-1,526,527,528,-1,528,527,529,-1,528,529,530,-1,530,529,531,-1,530,531,532,-1,532,531,533,-1,532,533,534,-1,534,533,535,-1,534,535,536,-1,536,535,537,-1,536,537,538,-1,538,537,316,-1,539,540,541,-1,541,540,542,-1,541,542,543,-1,543,542,544,-1,543,544,545,-1,545,544,546,-1,545,546,520,-1,520,546,311,-1,520,311,521,-1,521,311,313,-1,547,548,549,-1,549,548,550,-1,549,550,551,-1,551,550,552,-1,551,552,553,-1,553,552,73,-1,553,73,64,-1,64,73,77,-1,64,77,65,-1,421,554,62,-1,62,554,555,-1,62,555,522,-1,522,555,556,-1,522,556,523,-1,523,556,557,-1,523,557,525,-1,525,557,558,-1,525,558,527,-1,527,558,559,-1,527,559,529,-1,529,559,560,-1,529,560,531,-1,531,560,561,-1,531,561,533,-1,533,561,562,-1,533,562,535,-1,535,562,351,-1,535,351,537,-1,537,351,353,-1,537,353,316,-1,316,353,563,-1,316,563,314,-1,403,564,401,-1,401,564,565,-1,401,565,566,-1,566,565,567,-1,566,567,568,-1,568,567,569,-1,568,569,570,-1,570,569,571,-1,570,571,572,-1,572,571,573,-1,572,573,574,-1,574,573,575,-1,574,575,576,-1,576,575,577,-1,576,577,578,-1,578,577,579,-1,578,579,580,-1,580,579,355,-1,580,355,581,-1,581,355,357,-1,582,583,584,-1,585,586,203,-1,203,586,587,-1,588,589,587,-1,587,589,582,-1,587,582,203,-1,203,582,584,-1,503,8,590,-1,590,585,503,-1,503,585,203,-1,503,203,504,-1,504,203,506,-1,504,506,591,-1,591,506,509,-1,592,593,590,-1,590,593,594,-1,590,594,595,-1,596,584,597,-1,597,584,583,-1,597,583,598,-1,598,583,599,-1,8,7,590,-1,590,7,600,-1,590,600,592,-1,595,601,590,-1,590,601,602,-1,590,602,583,-1,583,602,603,-1,583,603,599,-1,233,604,8,-1,8,604,605,-1,8,605,6,-1,596,606,584,-1,584,606,607,-1,584,607,246,-1,246,607,608,-1,246,608,233,-1,233,608,609,-1,233,609,604,-1,610,611,612,-1,610,612,613,-1,614,615,616,-1,306,617,618,-1,619,620,224,-1,224,620,621,-1,224,621,622,-1,611,623,612,-1,612,623,624,-1,612,624,625,-1,625,624,626,-1,627,628,626,-1,626,628,629,-1,626,629,625,-1,622,630,224,-1,224,630,631,-1,224,631,632,-1,632,613,224,-1,224,613,612,-1,224,612,226,-1,226,612,633,-1,226,633,634,-1,635,636,306,-1,637,638,616,-1,616,638,639,-1,616,639,640,-1,636,641,306,-1,306,641,642,-1,306,642,617,-1,643,644,626,-1,626,644,645,-1,626,645,646,-1,646,647,626,-1,626,647,648,-1,626,648,627,-1,634,649,226,-1,226,649,650,-1,226,650,306,-1,306,650,651,-1,306,651,635,-1,652,653,548,-1,548,653,550,-1,550,653,654,-1,550,654,655,-1,614,656,657,-1,658,659,306,-1,660,661,657,-1,661,658,657,-1,657,658,306,-1,657,306,614,-1,614,306,618,-1,614,618,615,-1,662,663,664,-1,664,663,665,-1,664,665,657,-1,657,665,666,-1,657,666,660,-1,667,668,669,-1,669,668,670,-1,671,670,539,-1,539,670,668,-1,539,668,614,-1,614,668,667,-1,614,667,656,-1,671,539,4,-1,4,539,541,-1,4,541,5,-1,672,673,674,-1,675,676,674,-1,677,678,679,-1,5,680,681,-1,659,682,306,-1,306,682,683,-1,306,683,679,-1,679,683,684,-1,679,684,677,-1,685,686,5,-1,5,686,687,-1,5,687,680,-1,678,688,679,-1,679,688,689,-1,679,689,672,-1,672,689,690,-1,672,690,673,-1,681,691,5,-1,5,691,692,-1,5,692,3,-1,693,694,695,-1,695,694,696,-1,695,696,697,-1,695,698,693,-1,693,698,699,-1,693,699,700,-1,700,701,693,-1,693,701,702,-1,693,702,703,-1,703,702,704,-1,703,704,705,-1,705,704,706,-1,705,706,674,-1,674,706,707,-1,674,707,675,-1,708,709,697,-1,697,709,710,-1,697,710,695,-1,711,712,662,-1,662,712,713,-1,662,713,663,-1,711,714,712,-1,712,714,715,-1,712,715,716,-1,716,715,717,-1,716,718,719,-1,717,720,716,-1,716,720,721,-1,716,721,722,-1,722,723,716,-1,716,723,724,-1,716,724,718,-1,719,725,716,-1,716,725,726,-1,716,726,727,-1,728,729,195,-1,189,195,183,-1,183,195,729,-1,183,729,730,-1,731,732,733,-1,195,734,728,-1,728,734,735,-1,728,735,736,-1,736,735,731,-1,736,731,737,-1,737,731,733,-1,738,739,5,-1,676,685,674,-1,674,685,5,-1,674,5,672,-1,672,5,739,-1,672,739,734,-1,734,739,740,-1,734,740,735,-1,741,742,738,-1,743,744,745,-1,745,744,746,-1,745,746,741,-1,741,738,745,-1,745,738,5,-1,745,5,747,-1,747,5,541,-1,747,541,748,-1,747,749,745,-1,745,749,750,-1,745,750,751,-1,752,753,543,-1,543,753,754,-1,543,754,541,-1,541,754,755,-1,541,755,748,-1,751,756,745,-1,745,756,757,-1,745,757,743,-1,758,759,545,-1,759,760,545,-1,545,760,761,-1,545,761,543,-1,543,761,762,-1,543,762,752,-1,252,254,290,-1,290,254,249,-1,290,249,763,-1,763,249,234,-1,763,234,764,-1,764,234,233,-1,764,233,765,-1,765,233,8,-1,765,8,766,-1,766,8,503,-1,766,503,767,-1,767,503,11,-1,767,11,768,-1,23,21,30,-1,30,21,769,-1,30,769,770,-1,2,499,0,-1,0,499,498,-1,0,498,17,-1,17,498,771,-1,17,771,497,-1,263,257,256,-1,256,257,259,-1,256,259,254,-1,254,259,244,-1,254,244,249,-1,249,244,243,-1,249,243,250,-1,769,772,217,-1,217,772,773,-1,217,773,774,-1,775,772,776,-1,776,772,769,-1,776,769,777,-1,777,769,21,-1,777,21,774,-1,774,21,19,-1,774,19,217,-1,217,19,221,-1,217,221,216,-1,176,201,197,-1,197,201,203,-1,197,203,196,-1,196,203,584,-1,196,584,195,-1,195,584,246,-1,195,246,734,-1,734,246,245,-1,734,245,672,-1,672,245,244,-1,672,244,679,-1,679,244,259,-1,679,259,306,-1,306,259,262,-1,306,262,307,-1,288,770,286,-1,286,770,769,-1,286,769,293,-1,293,769,217,-1,293,217,226,-1,226,217,211,-1,226,211,227,-1,227,211,213,-1,227,213,778,-1,778,213,779,-1,507,519,516,-1,516,519,178,-1,516,178,520,-1,520,178,183,-1,520,183,545,-1,545,183,730,-1,545,730,758,-1,640,780,616,-1,616,780,652,-1,616,652,614,-1,614,652,548,-1,614,548,539,-1,539,548,547,-1,539,547,540,-1,71,73,86,-1,86,73,552,-1,86,552,218,-1,218,552,550,-1,218,550,224,-1,224,550,655,-1,224,655,619,-1,781,782,783,-1,784,785,786,-1,786,785,787,-1,788,789,385,-1,790,784,384,-1,384,784,786,-1,384,786,385,-1,385,786,781,-1,385,781,788,-1,788,781,783,-1,791,792,358,-1,358,792,793,-1,794,791,795,-1,795,791,358,-1,795,358,796,-1,796,358,356,-1,797,798,799,-1,800,801,802,-1,802,801,803,-1,804,805,395,-1,806,800,394,-1,394,800,802,-1,394,802,395,-1,395,802,797,-1,395,797,804,-1,804,797,799,-1,807,808,809,-1,810,811,812,-1,812,811,813,-1,814,815,344,-1,816,810,343,-1,343,810,812,-1,343,812,344,-1,344,812,807,-1,344,807,814,-1,814,807,809,-1,817,818,819,-1,820,821,822,-1,822,821,823,-1,824,825,335,-1,826,820,334,-1,334,820,822,-1,334,822,335,-1,335,822,817,-1,335,817,824,-1,824,817,819,-1,827,828,829,-1,829,828,830,-1,831,827,10,-1,10,827,829,-1,10,829,768,-1,768,829,832,-1,833,834,796,-1,796,834,835,-1,796,835,795,-1,836,837,838,-1,838,837,839,-1,840,841,842,-1,843,844,845,-1,846,847,848,-1,849,850,851,-1,851,850,852,-1,853,832,854,-1,854,832,829,-1,855,856,857,-1,858,859,860,-1,861,862,863,-1,863,862,864,-1,844,865,866,-1,867,868,869,-1,836,840,837,-1,837,840,842,-1,837,842,796,-1,796,842,850,-1,796,850,833,-1,833,850,849,-1,856,870,857,-1,857,870,860,-1,857,860,871,-1,871,860,859,-1,841,872,842,-1,842,872,873,-1,842,873,874,-1,842,875,845,-1,845,875,876,-1,845,876,843,-1,877,878,879,-1,879,878,880,-1,879,880,881,-1,867,869,850,-1,850,869,882,-1,850,882,883,-1,864,862,884,-1,884,862,832,-1,884,832,857,-1,857,832,853,-1,857,853,855,-1,874,885,842,-1,842,885,886,-1,842,886,875,-1,844,866,845,-1,845,866,887,-1,845,887,888,-1,888,889,845,-1,845,889,890,-1,845,890,879,-1,879,890,891,-1,879,891,877,-1,892,893,894,-1,894,893,895,-1,894,895,896,-1,883,897,850,-1,850,897,898,-1,850,898,852,-1,899,900,848,-1,901,860,902,-1,902,860,903,-1,904,905,906,-1,906,905,907,-1,906,907,908,-1,908,907,865,-1,908,865,909,-1,909,865,844,-1,910,911,912,-1,913,914,915,-1,916,917,918,-1,918,917,919,-1,918,919,900,-1,900,919,920,-1,900,920,848,-1,848,920,921,-1,848,921,846,-1,847,922,848,-1,848,922,923,-1,848,923,867,-1,867,923,924,-1,867,924,925,-1,926,927,928,-1,928,927,929,-1,928,929,925,-1,925,929,867,-1,867,929,930,-1,867,930,868,-1,931,932,933,-1,933,932,934,-1,933,934,935,-1,936,937,938,-1,938,937,939,-1,938,939,935,-1,935,939,940,-1,935,940,933,-1,933,940,941,-1,933,941,942,-1,943,944,945,-1,945,944,911,-1,915,946,913,-1,913,946,903,-1,913,903,947,-1,947,903,860,-1,947,860,933,-1,933,860,948,-1,933,948,931,-1,901,949,860,-1,860,949,950,-1,860,950,858,-1,797,802,951,-1,951,802,952,-1,951,952,953,-1,953,952,917,-1,953,917,954,-1,954,917,916,-1,781,786,955,-1,955,786,956,-1,955,956,957,-1,957,956,927,-1,957,927,958,-1,958,927,926,-1,817,822,959,-1,959,822,960,-1,959,960,961,-1,961,960,937,-1,961,937,962,-1,962,937,936,-1,963,943,964,-1,964,943,965,-1,966,967,968,-1,968,967,969,-1,968,969,970,-1,970,969,892,-1,970,892,971,-1,971,892,894,-1,942,972,933,-1,933,972,973,-1,933,973,944,-1,944,973,974,-1,944,974,975,-1,976,965,977,-1,977,965,943,-1,977,943,978,-1,978,943,979,-1,963,980,943,-1,943,980,981,-1,943,981,944,-1,982,983,984,-1,984,983,985,-1,984,985,986,-1,986,985,914,-1,986,914,987,-1,987,914,913,-1,975,988,944,-1,944,988,989,-1,944,989,911,-1,911,989,990,-1,911,990,912,-1,991,992,976,-1,976,992,993,-1,976,993,965,-1,807,812,994,-1,994,812,995,-1,994,995,996,-1,996,995,997,-1,996,997,912,-1,912,997,998,-1,912,998,910,-1,999,1000,1001,-1,1001,1000,1002,-1,1001,1002,1003,-1,1003,1002,991,-1,1003,991,1004,-1,1004,991,976,-1,979,943,1005,-1,1005,943,1006,-1,1005,1006,1007,-1,1006,1008,1007,-1,1007,1008,899,-1,1007,899,1009,-1,1009,899,848,-1,1009,848,1010,-1,1010,848,879,-1,1010,879,896,-1,896,879,881,-1,896,881,894,-1,904,1011,1012,-1,1013,1014,905,-1,905,1014,1015,-1,1016,1017,444,-1,1018,1013,443,-1,443,1013,905,-1,443,905,444,-1,444,905,904,-1,444,904,1016,-1,1016,904,1012,-1,438,1019,1020,-1,1021,1022,439,-1,439,1022,1023,-1,1024,1025,967,-1,1026,1021,966,-1,966,1021,439,-1,966,439,967,-1,967,439,438,-1,967,438,1024,-1,1024,438,1020,-1,487,1027,1028,-1,1029,1030,488,-1,488,1030,1031,-1,1032,1033,1000,-1,1034,1029,999,-1,999,1029,488,-1,999,488,1000,-1,1000,488,487,-1,1000,487,1032,-1,1032,487,1028,-1,478,1035,1036,-1,1037,1038,479,-1,479,1038,1039,-1,1040,1041,983,-1,1042,1037,982,-1,982,1037,479,-1,982,479,983,-1,983,479,478,-1,983,478,1040,-1,1040,478,1036,-1,1043,1044,839,-1,839,1044,1045,-1,1046,1043,409,-1,409,1043,839,-1,409,839,403,-1,403,839,837,-1,850,1047,1048,-1,1047,850,1049,-1,1049,850,357,-1,1049,357,367,-1,1048,1050,850,-1,850,1050,1051,-1,850,1051,867,-1,845,1052,842,-1,842,1052,1053,-1,1053,1054,842,-1,842,1054,1055,-1,842,1055,402,-1,402,1055,1056,-1,402,1056,414,-1,2,768,862,-1,862,768,832,-1,1057,1058,501,-1,501,1058,1059,-1,1060,1057,861,-1,861,1057,501,-1,861,501,862,-1,862,501,2,-1,356,403,796,-1,796,403,837,-1,
        ]
    }
}
Shape{
    appearance Appearance {
        material  Material 	{
            diffuseColor 0.25098039215686274 0.25098039215686274 0.25098039215686274
            specularColor 0.12549019607843137 0.12549019607843137 0.12549019607843137
            ambientIntensity 0.251
            transparency 0.0
            shininess 0.5
        }
    }
    geometry IndexedFaceSet {
        ccw TRUE
        solid FALSE
        coord DEF co Coordinate {
            point [
                0.6558 1.4423 0.7126, 0.6558 0.4208 0.7126, 0.6558 1.4423 0.3189, 0.6558 0.4208 0.3189, -0.6558 1.4423 0.7126, -0.6558 1.4423 0.3189, -0.6558 0.4208 0.7126, -0.6558 0.4208 0.3189
            ]
        }
        coordIndex [
            0,1,2,-1,2,1,3,-1,4,0,5,-1,5,0,2,-1,6,4,7,-1,7,4,5,-1,1,6,3,-1,3,6,7,-1,4,6,0,-1,0,6,1,-1,
        ]
    }
}
Shape{
    appearance Appearance {
        material  Material 	{
            diffuseColor 0.0 0.5019607843137255 0.0
            specularColor 0.0 0.25098039215686274 0.0
            ambientIntensity 0.2947
            transparency 0.0
            shininess 0.5
        }
    }
    geometry IndexedFaceSet {
        ccw TRUE
        solid FALSE
        coord DEF co Coordinate {
            point [
                1.1608 -1.1347 0.0039, 1.1608 -1.0328 0.0174, 1.1608 -0.6878 0.0039, 1.1608 -0.9378 0.0567, 1.1608 -0.8563 0.1192, 1.1608 -0.7937 0.2008, 1.1608 -0.6878 0.3189, 1.1608 -0.7544 0.2957, 1.1608 -0.7489 0.3189, 1.1608 -1.5816 0.3189, 1.1608 -1.5816 0.0039, -1.1608 -1.5816 0.3189, -1.1608 -1.5816 0.0039, -1.1608 -0.7937 0.2008, -1.1608 -0.8563 0.1192, -1.1608 -0.6878 0.0039, -1.1608 -0.9378 0.0567, -1.1608 -1.0328 0.0174, -1.1608 -1.1347 0.0039, -1.1608 -0.7544 0.2957, -1.1608 -0.6878 0.3189, -1.1608 -0.7489 0.3189
            ]
        }
        coordIndex [
            0,1,2,-1,2,1,3,-1,3,4,2,-1,2,4,5,-1,2,5,6,-1,6,5,7,-1,6,7,8,-1,9,10,11,-1,11,10,12,-1,13,14,15,-1,14,16,15,-1,15,16,17,-1,15,17,18,-1,13,15,19,-1,19,15,20,-1,19,20,21,-1,20,15,6,-1,6,15,2,-1,
        ]
    }
}
Shape{
    appearance Appearance {
        material  Material 	{
            diffuseColor 0.7529411764705882 0.7529411764705882 0.7529411764705882
            specularColor 0.3764705882352941 0.3764705882352941 0.3764705882352941
            ambientIntensity 0.7529
            transparency 0.0
            shininess 0.5
        }
    }
    geometry IndexedFaceSet {
        ccw TRUE
        solid FALSE
        coord DEF co Coordinate {
            point [
                1.1608 -1.5149 0.2957, 1.1608 -1.5204 0.3189, -1.1608 -1.5204 0.3189, -1.1608 -1.5284 0.3976, -1.1608 -1.5149 0.2957, -1.1608 -1.4756 0.2008, 1.1608 -1.4756 0.2008, -1.1608 -1.413 0.1192, 1.1608 -1.413 0.1192, -1.1608 -1.3315 0.0567, 1.1608 -1.3315 0.0567, -1.1608 -1.2366 0.0174, 1.1608 -1.2366 0.0174, -1.1608 -1.1347 0.0039, 1.1608 -1.1347 0.0039, -1.1608 -1.0328 0.0174, 1.1608 -1.0328 0.0174, -1.1608 -0.9378 0.0567, 1.1608 -0.9378 0.0567, -1.1608 -0.8563 0.1192, 1.1608 -0.8563 0.1192, -1.1608 -0.7937 0.2008, 1.1608 -0.7937 0.2008, -1.1608 -0.7544 0.2957, 1.1608 -0.7544 0.2957, 1.1608 -0.7489 0.3189, -1.1608 -0.7489 0.3189, 1.1608 -0.741 0.3976, 1.1608 -1.5284 0.3976, 1.1608 -1.5149 0.4995, -1.1608 -1.5149 0.4995, 1.1608 -1.4756 0.5945, -1.1608 -1.4756 0.5945, 1.1608 -1.413 0.676, -1.1608 -1.413 0.676, 1.1608 -1.3315 0.7386, -1.1608 -1.3315 0.7386, 1.1608 -1.2366 0.7779, -1.1608 -1.2366 0.7779, 1.1608 -1.1347 0.7913, -1.1608 -1.1347 0.7913, 1.1608 -1.0328 0.7779, -1.1608 -1.0328 0.7779, 1.1608 -0.9378 0.7386, -1.1608 -0.9378 0.7386, 1.1608 -0.8563 0.676, -1.1608 -0.8563 0.676, 1.1608 -0.7937 0.5945, -1.1608 -0.7937 0.5945, 1.1608 -0.7544 0.4995, -1.1608 -0.7544 0.4995, -1.1608 -0.741 0.3976, -2.1654 -1.811 0.0, -2.1654 -1.7717 0.0, -1.9094 -1.811 0.0, -2.1144 -1.7649 0.0, -2.1654 -1.378 0.0, -2.1654 -1.3386 0.0, -2.1144 -1.3847 0.0, -1.9094 -1.3386 0.0, -2.0669 -1.4043 0.0, -1.8613 -1.344 0.0, -1.9949 -1.4764 0.0, -2.0262 -1.4356 0.0, -2.0669 -1.7453 0.0, -2.0262 -1.714 0.0, -1.8613 -1.8056 0.0, -1.9949 -1.6732 0.0, -1.7402 -1.4201 0.0, -1.9752 -1.5239 0.0, -1.7744 -1.3858 0.0, -1.8155 -1.36 0.0, -1.6929 -1.5551 0.0, -1.9685 -1.5748 0.0, -1.6983 -1.5069 0.0, -1.7144 -1.4612 0.0, -1.7144 -1.6884 0.0, -1.9752 -1.6258 0.0, -1.6983 -1.6427 0.0, -1.6929 -1.5945 0.0, -1.7402 -1.7295 0.0, -1.7744 -1.7638 0.0, -1.8155 -1.7896 0.0, -2.1654 -1.811 0.0039, -1.9094 -1.811 0.0039, -1.9094 -1.3386 0.0039, -2.1654 -1.3386 0.0039, -2.1654 -1.3386 0.3189, -2.1654 -1.3386 0.3228, -2.1063 -1.3386 0.3189, -2.1063 -1.3386 0.3228, -2.0581 -1.344 0.3228, -2.0581 -1.344 0.3189, -2.0123 -1.36 0.3228, -2.0123 -1.36 0.3189, -1.9713 -1.3858 0.3228, -1.9713 -1.3858 0.3189, -1.937 -1.4201 0.3228, -1.937 -1.4201 0.3189, -1.9112 -1.4612 0.3228, -1.9112 -1.4612 0.3189, -1.8952 -1.5069 0.3228, -1.8952 -1.5069 0.3189, -1.8898 -1.5551 0.3228, -1.8898 -1.5551 0.3189, -1.8898 -1.5945 0.3189, -1.8898 -1.5945 0.3228, -1.8952 -1.6427 0.3228, -1.8952 -1.6427 0.3189, -1.9112 -1.6884 0.3228, -1.9112 -1.6884 0.3189, -1.937 -1.7295 0.3228, -1.937 -1.7295 0.3189, -1.9713 -1.7638 0.3228, -1.9713 -1.7638 0.3189, -2.0123 -1.7896 0.3228, -2.0123 -1.7896 0.3189, -2.0581 -1.8056 0.3228, -2.0581 -1.8056 0.3189, -2.1063 -1.811 0.3228, -2.1063 -1.811 0.3189, -2.1654 -1.811 0.3189, -2.1654 -1.811 0.3228, -2.1144 -1.7649 0.3228, -2.1654 -1.7717 0.3228, -1.9752 -1.5239 0.3228, -1.9949 -1.4764 0.3228, -2.0262 -1.4356 0.3228, -2.0669 -1.4043 0.3228, -2.1654 -1.378 0.3228, -2.1144 -1.3847 0.3228, -2.0669 -1.7453 0.3228, -2.0262 -1.714 0.3228, -1.9949 -1.6732 0.3228, -1.9685 -1.5748 0.3228, -1.9752 -1.6258 0.3228, -1.8613 -1.344 0.0039, -1.8155 -1.36 0.0039, -1.7744 -1.3858 0.0039, -1.7402 -1.4201 0.0039, -1.7144 -1.4612 0.0039, -1.6983 -1.5069 0.0039, -1.6929 -1.5551 0.0039, -1.6929 -1.5945 0.0039, -1.6983 -1.6427 0.0039, -1.7144 -1.6884 0.0039, -1.7402 -1.7295 0.0039, -1.7744 -1.7638 0.0039, -1.8155 -1.7896 0.0039, -1.8613 -1.8056 0.0039, -2.1144 -0.9775 0.3228, -2.1654 -0.9843 0.3228, -2.1654 -1.0236 0.3228, -1.9752 -0.7365 0.3228, -1.9112 -0.6738 0.3228, -1.9949 -0.689 0.3228, -1.937 -0.6327 0.3228, -2.0262 -0.6482 0.3228, -1.9713 -0.5984 0.3228, -2.0669 -0.6169 0.3228, -2.1063 -1.0236 0.3228, -2.0581 -1.0182 0.3228, -2.0669 -0.9579 0.3228, -2.0123 -1.0022 0.3228, -2.0262 -0.9266 0.3228, -1.9713 -0.9764 0.3228, -1.9949 -0.8858 0.3228, -2.1654 -0.5512 0.3228, -2.1654 -0.5906 0.3228, -2.1063 -0.5512 0.3228, -2.1144 -0.5973 0.3228, -2.0581 -0.5566 0.3228, -2.0123 -0.5726 0.3228, -1.937 -0.9421 0.3228, -1.9112 -0.901 0.3228, -1.9752 -0.8384 0.3228, -1.8952 -0.8553 0.3228, -1.9685 -0.7874 0.3228, -1.8898 -0.8071 0.3228, -1.8898 -0.7677 0.3228, -1.8952 -0.7195 0.3228, -2.1063 -1.0236 0.3189, -2.1654 -1.0236 0.3189, -1.8898 -0.8071 0.3189, -1.8952 -0.8553 0.3189, -1.9112 -0.901 0.3189, -1.937 -0.9421 0.3189, -1.9713 -0.9764 0.3189, -2.0123 -1.0022 0.3189, -2.0581 -1.0182 0.3189, -1.8898 -0.7677 0.3189, -2.1063 -0.5512 0.3189, -2.0581 -0.5566 0.3189, -2.0123 -0.5726 0.3189, -1.9713 -0.5984 0.3189, -1.937 -0.6327 0.3189, -1.9112 -0.6738 0.3189, -1.8952 -0.7195 0.3189, -2.1654 -0.5512 0.3189, -1.9094 -0.5512 0.0, -2.1654 -0.5512 0.0, -1.9094 -0.5512 0.0039, -2.1654 -0.5512 0.0039, -2.1654 -1.0236 0.0, -1.9094 -1.0236 0.0, -2.1654 -1.0236 0.0039, -1.9094 -1.0236 0.0039, -2.1654 -0.9843 0.0, -2.1144 -0.9775 0.0, -2.0669 -0.9579 0.0, -2.0262 -0.9266 0.0, -1.8613 -1.0182 0.0, -1.9949 -0.8858 0.0, -1.8155 -1.0022 0.0, -1.7744 -0.9764 0.0, -1.9752 -0.8384 0.0, -1.7402 -0.9421 0.0, -2.1654 -0.5906 0.0, -2.1144 -0.5973 0.0, -2.0669 -0.6169 0.0, -2.0262 -0.6482 0.0, -1.6929 -0.7677 0.0, -1.9685 -0.7874 0.0, -1.6983 -0.7195 0.0, -1.9752 -0.7365 0.0, -1.7144 -0.6738 0.0, -1.7402 -0.6327 0.0, -1.7744 -0.5984 0.0, -1.9949 -0.689 0.0, -1.8155 -0.5726 0.0, -1.8613 -0.5566 0.0, -1.6929 -0.8071 0.0, -1.6983 -0.8553 0.0, -1.7144 -0.901 0.0, -2.1144 -0.1901 0.3228, -2.1654 -0.1969 0.3228, -2.1654 -0.2362 0.3228, -1.9752 0.0509 0.3228, -1.9112 0.1136 0.3228, -1.9949 0.0984 0.3228, -1.937 0.1547 0.3228, -2.0262 0.1392 0.3228, -1.9713 0.189 0.3228, -2.0669 0.1705 0.3228, -2.1063 -0.2362 0.3228, -2.0581 -0.2308 0.3228, -2.0669 -0.1705 0.3228, -2.0123 -0.2148 0.3228, -2.0262 -0.1392 0.3228, -1.9713 -0.189 0.3228, -1.9949 -0.0984 0.3228, -2.1654 0.2362 0.3228, -2.1654 0.1969 0.3228, -2.1063 0.2362 0.3228, -2.1144 0.1901 0.3228, -2.0581 0.2308 0.3228, -2.0123 0.2148 0.3228, -1.937 -0.1547 0.3228, -1.9112 -0.1136 0.3228, -1.9752 -0.0509 0.3228, -1.8952 -0.0679 0.3228, -1.9685 0.0 0.3228, -1.8898 -0.0197 0.3228, -1.8898 0.0197 0.3228, -1.8952 0.0679 0.3228, -2.1063 -0.2362 0.3189, -2.1654 -0.2362 0.3189, -1.8898 -0.0197 0.3189, -1.8952 -0.0679 0.3189, -1.9112 -0.1136 0.3189, -1.937 -0.1547 0.3189, -1.9713 -0.189 0.3189, -2.0123 -0.2148 0.3189, -2.0581 -0.2308 0.3189, -1.8898 0.0197 0.3189, -2.1063 0.2362 0.3189, -2.0581 0.2308 0.3189, -2.0123 0.2148 0.3189, -1.9713 0.189 0.3189, -1.937 0.1547 0.3189, -1.9112 0.1136 0.3189, -1.8952 0.0679 0.3189, -2.1654 0.2362 0.3189, -1.9094 0.2362 0.0, -2.1654 0.2362 0.0, -1.9094 0.2362 0.0039, -2.1654 0.2362 0.0039, -2.1654 -0.2362 0.0, -1.9094 -0.2362 0.0, -2.1654 -0.2362 0.0039, -1.9094 -0.2362 0.0039, -2.1654 -0.1969 0.0, -2.1144 -0.1901 0.0, -2.0669 -0.1705 0.0, -2.0262 -0.1392 0.0, -1.8613 -0.2308 0.0, -1.9949 -0.0984 0.0, -1.8155 -0.2148 0.0, -2.0262 0.1392 0.0, -1.9949 0.0984 0.0, -1.8613 0.2308 0.0, -2.1654 0.1969 0.0, -2.1144 0.1901 0.0, -2.0669 0.1705 0.0, -1.7402 0.1547 0.0, -1.9752 0.0509 0.0, -1.7744 0.189 0.0, -1.8155 0.2148 0.0, -1.7744 -0.189 0.0, -1.9752 -0.0509 0.0, -1.7402 -0.1547 0.0, -1.6929 0.0197 0.0, -1.9685 0.0 0.0, -1.6983 0.0679 0.0, -1.7144 0.1136 0.0, -1.6929 -0.0197 0.0, -1.6983 -0.0679 0.0, -1.7144 -0.1136 0.0, -2.1144 0.5973 0.3228, -2.1654 0.5906 0.3228, -2.1654 0.5512 0.3228, -2.1654 1.0236 0.3228, -2.1654 0.9843 0.3228, -2.1063 1.0236 0.3228, -2.1144 0.9775 0.3228, -2.0581 1.0182 0.3228, -2.0669 0.9579 0.3228, -1.9752 0.8384 0.3228, -1.9112 0.901 0.3228, -1.9949 0.8858 0.3228, -1.937 0.9421 0.3228, -2.0262 0.9266 0.3228, -1.9713 0.9764 0.3228, -2.0123 1.0022 0.3228, -2.1063 0.5512 0.3228, -2.0581 0.5566 0.3228, -2.0669 0.6169 0.3228, -2.0123 0.5726 0.3228, -2.0262 0.6482 0.3228, -1.9713 0.5984 0.3228, -1.9949 0.689 0.3228, -1.9685 0.7874 0.3228, -1.8898 0.8071 0.3228, -1.8952 0.8553 0.3228, -1.937 0.6327 0.3228, -1.9112 0.6738 0.3228, -1.9752 0.7365 0.3228, -1.8952 0.7195 0.3228, -1.8898 0.7677 0.3228, -2.1063 0.5512 0.3189, -2.1654 0.5512 0.3189, -1.8898 0.7677 0.3189, -1.8952 0.7195 0.3189, -1.9112 0.6738 0.3189, -1.937 0.6327 0.3189, -1.9713 0.5984 0.3189, -2.0123 0.5726 0.3189, -2.0581 0.5566 0.3189, -1.8898 0.8071 0.3189, -2.1063 1.0236 0.3189, -2.0581 1.0182 0.3189, -2.0123 1.0022 0.3189, -1.9713 0.9764 0.3189, -1.937 0.9421 0.3189, -1.9112 0.901 0.3189, -1.8952 0.8553 0.3189, -2.1654 1.0236 0.3189, -1.9094 1.0236 0.0, -2.1654 1.0236 0.0, -1.9094 1.0236 0.0039, -2.1654 1.0236 0.0039, -2.1654 0.5512 0.0, -1.9094 0.5512 0.0, -2.1654 0.5512 0.0039, -1.9094 0.5512 0.0039, -2.1654 0.9843 0.0, -2.1144 0.9775 0.0, -2.0669 0.9579 0.0, -2.1654 0.5906 0.0, -2.1144 0.5973 0.0, -1.8613 1.0182 0.0, -1.9949 0.8858 0.0, -2.0262 0.9266 0.0, -2.0669 0.6169 0.0, -2.0262 0.6482 0.0, -1.8613 0.5566 0.0, -1.9949 0.689 0.0, -1.7402 0.9421 0.0, -1.9752 0.8384 0.0, -1.7744 0.9764 0.0, -1.8155 1.0022 0.0, -1.7144 0.6738 0.0, -1.7402 0.6327 0.0, -1.9752 0.7365 0.0, -1.7744 0.5984 0.0, -1.8155 0.5726 0.0, -1.6983 0.7195 0.0, -1.9685 0.7874 0.0, -1.6929 0.7677 0.0, -1.7144 0.901 0.0, -1.6983 0.8553 0.0, -1.6929 0.8071 0.0, -2.1144 1.3847 0.3228, -2.1654 1.378 0.3228, -2.1654 1.3386 0.3228, -2.1654 1.811 0.3228, -2.1654 1.7717 0.3228, -2.1063 1.811 0.3228, -2.1144 1.7649 0.3228, -2.0581 1.8056 0.3228, -2.0669 1.7453 0.3228, -2.1063 1.3386 0.3228, -2.0581 1.344 0.3228, -2.0669 1.4043 0.3228, -2.0123 1.36 0.3228, -2.0262 1.4356 0.3228, -1.9713 1.3858 0.3228, -1.9949 1.4764 0.3228, -1.9752 1.6258 0.3228, -1.9112 1.6884 0.3228, -1.9949 1.6732 0.3228, -1.937 1.7295 0.3228, -2.0262 1.714 0.3228, -1.9713 1.7638 0.3228, -2.0123 1.7896 0.3228, -1.937 1.4201 0.3228, -1.9112 1.4612 0.3228, -1.9752 1.5239 0.3228, -1.8952 1.5069 0.3228, -1.9685 1.5748 0.3228, -1.8898 1.5551 0.3228, -1.8898 1.5945 0.3228, -1.8952 1.6427 0.3228, -2.1063 1.3386 0.3189, -2.1654 1.3386 0.3189, -1.8898 1.5551 0.3189, -1.8952 1.5069 0.3189, -1.9112 1.4612 0.3189, -1.937 1.4201 0.3189, -1.9713 1.3858 0.3189, -2.0123 1.36 0.3189, -2.0581 1.344 0.3189, -1.8898 1.5945 0.3189, -2.1063 1.811 0.3189, -2.0581 1.8056 0.3189, -2.0123 1.7896 0.3189, -1.9713 1.7638 0.3189, -1.937 1.7295 0.3189, -1.9112 1.6884 0.3189, -1.8952 1.6427 0.3189, -2.1654 1.811 0.3189, -1.9094 1.811 0.0, -2.1654 1.811 0.0, -1.9094 1.811 0.0039, -2.1654 1.811 0.0039, -2.1654 1.3386 0.0, -1.9094 1.3386 0.0, -2.1654 1.3386 0.0039, -1.9094 1.3386 0.0039, -2.1654 1.7717 0.0, -2.1144 1.7649 0.0, -2.0669 1.7453 0.0, -2.0262 1.714 0.0, -2.1654 1.378 0.0, -2.1144 1.3847 0.0, -2.0669 1.4043 0.0, -2.0262 1.4356 0.0, -1.8613 1.344 0.0, -1.9949 1.4764 0.0, -1.7402 1.7295 0.0, -1.9752 1.6258 0.0, -1.7744 1.7638 0.0, -1.9949 1.6732 0.0, -1.8155 1.7896 0.0, -1.7144 1.4612 0.0, -1.7402 1.4201 0.0, -1.9752 1.5239 0.0, -1.7744 1.3858 0.0, -1.8155 1.36 0.0, -1.8613 1.8056 0.0, -1.6983 1.5069 0.0, -1.9685 1.5748 0.0, -1.6929 1.5551 0.0, -1.7144 1.6884 0.0, -1.6983 1.6427 0.0, -1.6929 1.5945 0.0, -1.8613 -0.5566 0.0039, -1.8155 -0.5726 0.0039, -1.7744 -0.5984 0.0039, -1.7402 -0.6327 0.0039, -1.7144 -0.6738 0.0039, -1.6983 -0.7195 0.0039, -1.6929 -0.7677 0.0039, -1.6929 -0.8071 0.0039, -1.6983 -0.8553 0.0039, -1.7144 -0.901 0.0039, -1.7402 -0.9421 0.0039, -1.7744 -0.9764 0.0039, -1.8155 -1.0022 0.0039, -1.8613 -1.0182 0.0039, -1.8613 0.2308 0.0039, -1.8155 0.2148 0.0039, -1.7744 0.189 0.0039, -1.7402 0.1547 0.0039, -1.7144 0.1136 0.0039, -1.6983 0.0679 0.0039, -1.6929 0.0197 0.0039, -1.6929 -0.0197 0.0039, -1.6983 -0.0679 0.0039, -1.7144 -0.1136 0.0039, -1.7402 -0.1547 0.0039, -1.7744 -0.189 0.0039, -1.8155 -0.2148 0.0039, -1.8613 -0.2308 0.0039, -1.8613 1.0182 0.0039, -1.8155 1.0022 0.0039, -1.7744 0.9764 0.0039, -1.7402 0.9421 0.0039, -1.7144 0.901 0.0039, -1.6983 0.8553 0.0039, -1.6929 0.8071 0.0039, -1.6929 0.7677 0.0039, -1.6983 0.7195 0.0039, -1.7144 0.6738 0.0039, -1.7402 0.6327 0.0039, -1.7744 0.5984 0.0039, -1.8155 0.5726 0.0039, -1.8613 0.5566 0.0039, -1.8613 1.8056 0.0039, -1.8155 1.7896 0.0039, -1.7744 1.7638 0.0039, -1.7402 1.7295 0.0039, -1.7144 1.6884 0.0039, -1.6983 1.6427 0.0039, -1.6929 1.5945 0.0039, -1.6929 1.5551 0.0039, -1.6983 1.5069 0.0039, -1.7144 1.4612 0.0039, -1.7402 1.4201 0.0039, -1.7744 1.3858 0.0039, -1.8155 1.36 0.0039, -1.8613 1.344 0.0039, 2.1144 -1.3847 0.3228, 2.1654 -1.378 0.3228, 2.1654 -1.3386 0.3228, 1.9752 -1.5239 0.3228, 1.9949 -1.4764 0.3228, 1.9112 -1.4612 0.3228, 2.1654 -1.811 0.3228, 2.1654 -1.7717 0.3228, 2.1063 -1.811 0.3228, 2.1144 -1.7649 0.3228, 2.0581 -1.8056 0.3228, 2.0669 -1.7453 0.3228, 1.9752 -1.6258 0.3228, 1.9112 -1.6884 0.3228, 1.9949 -1.6732 0.3228, 1.937 -1.7295 0.3228, 2.0262 -1.714 0.3228, 1.9713 -1.7638 0.3228, 2.0123 -1.7896 0.3228, 2.1063 -1.3386 0.3228, 2.0581 -1.344 0.3228, 2.0669 -1.4043 0.3228, 2.0123 -1.36 0.3228, 2.0262 -1.4356 0.3228, 1.9713 -1.3858 0.3228, 1.937 -1.4201 0.3228, 1.8952 -1.5069 0.3228, 1.8898 -1.5551 0.3228, 1.9685 -1.5748 0.3228, 1.8898 -1.5945 0.3228, 1.8952 -1.6427 0.3228, 2.1063 -1.3386 0.3189, 2.1654 -1.3386 0.3189, 1.8898 -1.5551 0.3189, 1.8952 -1.5069 0.3189, 1.9112 -1.4612 0.3189, 1.937 -1.4201 0.3189, 1.9713 -1.3858 0.3189, 2.0123 -1.36 0.3189, 2.0581 -1.344 0.3189, 1.8898 -1.5945 0.3189, 2.1063 -1.811 0.3189, 2.0581 -1.8056 0.3189, 2.0123 -1.7896 0.3189, 1.9713 -1.7638 0.3189, 1.937 -1.7295 0.3189, 1.9112 -1.6884 0.3189, 1.8952 -1.6427 0.3189, 2.1654 -1.811 0.3189, 1.9094 -1.811 0.0039, 1.9094 -1.811 0.0, 2.1654 -1.811 0.0039, 2.1654 -1.811 0.0, 1.9094 -1.3386 0.0039, 2.1654 -1.3386 0.0039, 1.9094 -1.3386 0.0, 2.1654 -1.3386 0.0, 1.7402 -1.4201 0.0, 1.7744 -1.3858 0.0, 1.9752 -1.5239 0.0, 1.9949 -1.4764 0.0, 2.1654 -1.378 0.0, 2.1144 -1.3847 0.0, 2.0669 -1.4043 0.0, 2.0262 -1.4356 0.0, 1.8613 -1.344 0.0, 1.8155 -1.36 0.0, 2.1654 -1.7717 0.0, 2.1144 -1.7649 0.0, 2.0669 -1.7453 0.0, 2.0262 -1.714 0.0, 1.6929 -1.5945 0.0, 1.9685 -1.5748 0.0, 1.6983 -1.6427 0.0, 1.9752 -1.6258 0.0, 1.7144 -1.6884 0.0, 1.7402 -1.7295 0.0, 1.7744 -1.7638 0.0, 1.9949 -1.6732 0.0, 1.8155 -1.7896 0.0, 1.8613 -1.8056 0.0, 1.6929 -1.5551 0.0, 1.6983 -1.5069 0.0, 1.7144 -1.4612 0.0, 2.1144 -0.5973 0.3228, 2.1654 -0.5906 0.3228, 2.1654 -0.5512 0.3228, 2.1063 -0.5512 0.3228, 2.0581 -0.5566 0.3228, 2.0669 -0.6169 0.3228, 2.0123 -0.5726 0.3228, 2.0262 -0.6482 0.3228, 1.9713 -0.5984 0.3228, 1.9949 -0.689 0.3228, 2.1654 -1.0236 0.3228, 2.1654 -0.9843 0.3228, 2.1063 -1.0236 0.3228, 2.1144 -0.9775 0.3228, 2.0581 -1.0182 0.3228, 2.0669 -0.9579 0.3228, 1.9752 -0.8384 0.3228, 1.9112 -0.901 0.3228, 1.9949 -0.8858 0.3228, 1.937 -0.9421 0.3228, 2.0262 -0.9266 0.3228, 1.9713 -0.9764 0.3228, 2.0123 -1.0022 0.3228, 1.9685 -0.7874 0.3228, 1.8898 -0.8071 0.3228, 1.8952 -0.8553 0.3228, 1.937 -0.6327 0.3228, 1.9112 -0.6738 0.3228, 1.9752 -0.7365 0.3228, 1.8952 -0.7195 0.3228, 1.8898 -0.7677 0.3228, 2.1063 -0.5512 0.3189, 2.1654 -0.5512 0.3189, 1.8898 -0.7677 0.3189, 1.8952 -0.7195 0.3189, 1.9112 -0.6738 0.3189, 1.937 -0.6327 0.3189, 1.9713 -0.5984 0.3189, 2.0123 -0.5726 0.3189, 2.0581 -0.5566 0.3189, 1.8898 -0.8071 0.3189, 2.1063 -1.0236 0.3189, 2.0581 -1.0182 0.3189, 2.0123 -1.0022 0.3189, 1.9713 -0.9764 0.3189, 1.937 -0.9421 0.3189, 1.9112 -0.901 0.3189, 1.8952 -0.8553 0.3189, 2.1654 -1.0236 0.3189, 1.9094 -1.0236 0.0039, 1.9094 -1.0236 0.0, 2.1654 -1.0236 0.0039, 2.1654 -1.0236 0.0, 1.9094 -0.5512 0.0039, 2.1654 -0.5512 0.0039, 1.9094 -0.5512 0.0, 2.1654 -0.5512 0.0, 2.1654 -0.5906 0.0, 2.1144 -0.5973 0.0, 1.6929 -0.8071 0.0, 1.9685 -0.7874 0.0, 1.6983 -0.8553 0.0, 1.9752 -0.8384 0.0, 1.7144 -0.901 0.0, 1.7402 -0.9421 0.0, 2.1654 -0.9843 0.0, 2.1144 -0.9775 0.0, 2.0669 -0.9579 0.0, 2.0262 -0.9266 0.0, 2.0669 -0.6169 0.0, 2.0262 -0.6482 0.0, 1.8613 -0.5566 0.0, 1.9949 -0.689 0.0, 1.8155 -0.5726 0.0, 1.7744 -0.5984 0.0, 1.9752 -0.7365 0.0, 1.7402 -0.6327 0.0, 1.7744 -0.9764 0.0, 1.9949 -0.8858 0.0, 1.8155 -1.0022 0.0, 1.8613 -1.0182 0.0, 1.6929 -0.7677 0.0, 1.6983 -0.7195 0.0, 1.7144 -0.6738 0.0, 2.1144 0.1901 0.3228, 2.1654 0.1969 0.3228, 2.1654 0.2362 0.3228, 2.1654 -0.2362 0.3228, 2.1654 -0.1969 0.3228, 2.1063 -0.2362 0.3228, 2.1144 -0.1901 0.3228, 2.0581 -0.2308 0.3228, 2.0669 -0.1705 0.3228, 1.9752 -0.0509 0.3228, 1.9112 -0.1136 0.3228, 1.9949 -0.0984 0.3228, 1.937 -0.1547 0.3228, 2.0262 -0.1392 0.3228, 1.9713 -0.189 0.3228, 2.0123 -0.2148 0.3228, 2.1063 0.2362 0.3228, 2.0581 0.2308 0.3228, 2.0669 0.1705 0.3228, 2.0123 0.2148 0.3228, 2.0262 0.1392 0.3228, 1.9713 0.189 0.3228, 1.9949 0.0984 0.3228, 1.9752 0.0509 0.3228, 1.8898 0.0197 0.3228, 1.9685 -0.0 0.3228, 1.8898 -0.0197 0.3228, 1.8952 -0.0679 0.3228, 1.937 0.1547 0.3228, 1.9112 0.1136 0.3228, 1.8952 0.0679 0.3228, 2.1063 0.2362 0.3189, 2.1654 0.2362 0.3189, 1.8898 0.0197 0.3189, 1.8952 0.0679 0.3189, 1.9112 0.1136 0.3189, 1.937 0.1547 0.3189, 1.9713 0.189 0.3189, 2.0123 0.2148 0.3189, 2.0581 0.2308 0.3189, 1.8898 -0.0197 0.3189, 2.1063 -0.2362 0.3189, 2.0581 -0.2308 0.3189, 2.0123 -0.2148 0.3189, 1.9713 -0.189 0.3189, 1.937 -0.1547 0.3189, 1.9112 -0.1136 0.3189, 1.8952 -0.0679 0.3189, 2.1654 -0.2362 0.3189, 1.9094 -0.2362 0.0039, 1.9094 -0.2362 0.0, 2.1654 -0.2362 0.0039, 2.1654 -0.2362 0.0, 1.9094 0.2362 0.0039, 2.1654 0.2362 0.0039, 1.9094 0.2362 0.0, 2.1654 0.2362 0.0, 2.1654 0.1969 0.0, 2.1144 0.1901 0.0, 2.1654 -0.1969 0.0, 2.1144 -0.1901 0.0, 2.0669 0.1705 0.0, 2.0262 0.1392 0.0, 1.8613 0.2308 0.0, 1.9949 0.0984 0.0, 1.8155 0.2148 0.0, 1.9949 -0.0984 0.0, 2.0262 -0.1392 0.0, 2.0669 -0.1705 0.0, 1.7744 0.189 0.0, 1.9752 0.0509 0.0, 1.7402 0.1547 0.0, 1.6929 -0.0197 0.0, 1.9685 -0.0 0.0, 1.6983 -0.0679 0.0, 1.9752 -0.0509 0.0, 1.7144 -0.1136 0.0, 1.7402 -0.1547 0.0, 1.6929 0.0197 0.0, 1.6983 0.0679 0.0, 1.7144 0.1136 0.0, 1.8613 -0.2308 0.0, 1.8155 -0.2148 0.0, 1.7744 -0.189 0.0, 2.1144 0.9775 0.3228, 2.1654 0.9843 0.3228, 2.1654 1.0236 0.3228, 2.1654 0.5512 0.3228, 2.1654 0.5906 0.3228, 2.1063 0.5512 0.3228, 2.1144 0.5973 0.3228, 2.0581 0.5566 0.3228, 2.0669 0.6169 0.3228, 2.1063 1.0236 0.3228, 2.0581 1.0182 0.3228, 2.0669 0.9579 0.3228, 2.0123 1.0022 0.3228, 2.0262 0.9266 0.3228, 1.9713 0.9764 0.3228, 1.9949 0.8858 0.3228, 1.9752 0.7365 0.3228, 1.9112 0.6738 0.3228, 1.9949 0.689 0.3228, 1.937 0.6327 0.3228, 2.0262 0.6482 0.3228, 1.9713 0.5984 0.3228, 2.0123 0.5726 0.3228, 1.9685 0.7874 0.3228, 1.8898 0.7677 0.3228, 1.8952 0.7195 0.3228, 1.937 0.9421 0.3228, 1.9112 0.901 0.3228, 1.9752 0.8384 0.3228, 1.8952 0.8553 0.3228, 1.8898 0.8071 0.3228, 2.1063 1.0236 0.3189, 2.1654 1.0236 0.3189, 1.8898 0.8071 0.3189, 1.8952 0.8553 0.3189, 1.9112 0.901 0.3189, 1.937 0.9421 0.3189, 1.9713 0.9764 0.3189, 2.0123 1.0022 0.3189, 2.0581 1.0182 0.3189, 1.8898 0.7677 0.3189, 2.1063 0.5512 0.3189, 2.0581 0.5566 0.3189, 2.0123 0.5726 0.3189, 1.9713 0.5984 0.3189, 1.937 0.6327 0.3189, 1.9112 0.6738 0.3189, 1.8952 0.7195 0.3189, 2.1654 0.5512 0.3189, 1.9094 0.5512 0.0039, 1.9094 0.5512 0.0, 2.1654 0.5512 0.0039, 2.1654 0.5512 0.0, 1.9094 1.0236 0.0039, 2.1654 1.0236 0.0039, 1.9094 1.0236 0.0, 2.1654 1.0236 0.0, 2.1654 0.9843 0.0, 2.1144 0.9775 0.0, 2.1654 0.5906 0.0, 2.1144 0.5973 0.0, 2.0669 0.9579 0.0, 2.0262 0.9266 0.0, 1.8613 1.0182 0.0, 1.9949 0.8858 0.0, 1.8155 1.0022 0.0, 1.6929 0.7677 0.0, 1.9685 0.7874 0.0, 1.6983 0.7195 0.0, 1.9752 0.7365 0.0, 1.7144 0.6738 0.0, 1.7402 0.6327 0.0, 1.9949 0.689 0.0, 2.0262 0.6482 0.0, 2.0669 0.6169 0.0, 1.7744 0.9764 0.0, 1.9752 0.8384 0.0, 1.7402 0.9421 0.0, 1.6929 0.8071 0.0, 1.6983 0.8553 0.0, 1.7144 0.901 0.0, 1.8613 0.5566 0.0, 1.8155 0.5726 0.0, 1.7744 0.5984 0.0, 2.1144 1.7649 0.3228, 2.1654 1.7717 0.3228, 2.1654 1.811 0.3228, 2.1654 1.3386 0.3228, 2.1654 1.378 0.3228, 2.1063 1.3386 0.3228, 2.1144 1.3847 0.3228, 2.0581 1.344 0.3228, 2.0669 1.4043 0.3228, 1.9752 1.5239 0.3228, 1.9112 1.4612 0.3228, 1.9949 1.4764 0.3228, 1.937 1.4201 0.3228, 2.0262 1.4356 0.3228, 1.9713 1.3858 0.3228, 2.0123 1.36 0.3228, 1.9752 1.6258 0.3228, 1.8898 1.5945 0.3228, 1.9685 1.5748 0.3228, 1.8898 1.5551 0.3228, 1.8952 1.5069 0.3228, 2.1063 1.811 0.3228, 2.0581 1.8056 0.3228, 2.0669 1.7453 0.3228, 2.0123 1.7896 0.3228, 2.0262 1.714 0.3228, 1.9713 1.7638 0.3228, 1.9949 1.6732 0.3228, 1.937 1.7295 0.3228, 1.9112 1.6884 0.3228, 1.8952 1.6427 0.3228, 2.1063 1.811 0.3189, 2.1654 1.811 0.3189, 1.8898 1.5945 0.3189, 1.8952 1.6427 0.3189, 1.9112 1.6884 0.3189, 1.937 1.7295 0.3189, 1.9713 1.7638 0.3189, 2.0123 1.7896 0.3189, 2.0581 1.8056 0.3189, 1.8898 1.5551 0.3189, 2.1063 1.3386 0.3189, 2.0581 1.344 0.3189, 2.0123 1.36 0.3189, 1.9713 1.3858 0.3189, 1.937 1.4201 0.3189, 1.9112 1.4612 0.3189, 1.8952 1.5069 0.3189, 2.1654 1.3386 0.3189, 1.9094 1.3386 0.0039, 1.9094 1.3386 0.0, 2.1654 1.3386 0.0039, 2.1654 1.3386 0.0, 1.9094 1.811 0.0039, 2.1654 1.811 0.0039, 1.9094 1.811 0.0, 2.1654 1.811 0.0, 2.1654 1.7717 0.0, 2.1144 1.7649 0.0, 2.1654 1.378 0.0, 2.1144 1.3847 0.0, 2.0669 1.4043 0.0, 2.0262 1.4356 0.0, 1.6929 1.5551 0.0, 1.9685 1.5748 0.0, 1.6983 1.5069 0.0, 1.9752 1.5239 0.0, 1.7144 1.4612 0.0, 1.7402 1.4201 0.0, 1.7744 1.3858 0.0, 1.9949 1.4764 0.0, 1.8155 1.36 0.0, 2.0669 1.7453 0.0, 2.0262 1.714 0.0, 1.8613 1.8056 0.0, 1.9949 1.6732 0.0, 1.8155 1.7896 0.0, 1.8613 1.344 0.0, 1.7744 1.7638 0.0, 1.9752 1.6258 0.0, 1.7402 1.7295 0.0, 1.6929 1.5945 0.0, 1.6983 1.6427 0.0, 1.7144 1.6884 0.0, 1.8613 -1.8056 0.0039, 1.8155 -1.7896 0.0039, 1.7744 -1.7638 0.0039, 1.7402 -1.7295 0.0039, 1.7144 -1.6884 0.0039, 1.6983 -1.6427 0.0039, 1.6929 -1.5945 0.0039, 1.6929 -1.5551 0.0039, 1.6983 -1.5069 0.0039, 1.7144 -1.4612 0.0039, 1.7402 -1.4201 0.0039, 1.7744 -1.3858 0.0039, 1.8155 -1.36 0.0039, 1.8613 -1.344 0.0039, 1.8613 -1.0182 0.0039, 1.8155 -1.0022 0.0039, 1.7744 -0.9764 0.0039, 1.7402 -0.9421 0.0039, 1.7144 -0.901 0.0039, 1.6983 -0.8553 0.0039, 1.6929 -0.8071 0.0039, 1.6929 -0.7677 0.0039, 1.6983 -0.7195 0.0039, 1.7144 -0.6738 0.0039, 1.7402 -0.6327 0.0039, 1.7744 -0.5984 0.0039, 1.8155 -0.5726 0.0039, 1.8613 -0.5566 0.0039, 1.8613 -0.2308 0.0039, 1.8155 -0.2148 0.0039, 1.7744 -0.189 0.0039, 1.7402 -0.1547 0.0039, 1.7144 -0.1136 0.0039, 1.6983 -0.0679 0.0039, 1.6929 -0.0197 0.0039, 1.6929 0.0197 0.0039, 1.6983 0.0679 0.0039, 1.7144 0.1136 0.0039, 1.7402 0.1547 0.0039, 1.7744 0.189 0.0039, 1.8155 0.2148 0.0039, 1.8613 0.2308 0.0039, 1.8613 0.5566 0.0039, 1.8155 0.5726 0.0039, 1.7744 0.5984 0.0039, 1.7402 0.6327 0.0039, 1.7144 0.6738 0.0039, 1.6983 0.7195 0.0039, 1.6929 0.7677 0.0039, 1.6929 0.8071 0.0039, 1.6983 0.8553 0.0039, 1.7144 0.901 0.0039, 1.7402 0.9421 0.0039, 1.7744 0.9764 0.0039, 1.8155 1.0022 0.0039, 1.8613 1.0182 0.0039, 1.8613 1.344 0.0039, 1.8155 1.36 0.0039, 1.7744 1.3858 0.0039, 1.7402 1.4201 0.0039, 1.7144 1.4612 0.0039, 1.6983 1.5069 0.0039, 1.6929 1.5551 0.0039, 1.6929 1.5945 0.0039, 1.6983 1.6427 0.0039, 1.7144 1.6884 0.0039, 1.7402 1.7295 0.0039, 1.7744 1.7638 0.0039, 1.8155 1.7896 0.0039, 1.8613 1.8056 0.0039
            ]
        }
        coordIndex [
            0,1,2,-1,2,1,3,-1,2,4,0,-1,0,4,5,-1,0,5,6,-1,6,5,7,-1,6,7,8,-1,8,7,9,-1,8,9,10,-1,10,9,11,-1,10,11,12,-1,12,11,13,-1,12,13,14,-1,14,13,15,-1,14,15,16,-1,16,15,17,-1,16,17,18,-1,18,17,19,-1,18,19,20,-1,20,19,21,-1,20,21,22,-1,22,21,23,-1,22,23,24,-1,24,23,25,-1,25,23,26,-1,25,26,27,-1,1,28,3,-1,3,28,29,-1,3,29,30,-1,30,29,31,-1,30,31,32,-1,32,31,33,-1,32,33,34,-1,34,33,35,-1,34,35,36,-1,36,35,37,-1,36,37,38,-1,38,37,39,-1,38,39,40,-1,40,39,41,-1,40,41,42,-1,42,41,43,-1,42,43,44,-1,44,43,45,-1,44,45,46,-1,46,45,47,-1,46,47,48,-1,48,47,49,-1,48,49,50,-1,50,49,27,-1,50,27,51,-1,51,27,26,-1,51,26,2,-1,2,3,51,-1,51,3,30,-1,51,30,32,-1,32,34,51,-1,51,34,36,-1,51,36,50,-1,50,36,48,-1,40,42,38,-1,38,42,44,-1,38,44,36,-1,36,44,46,-1,36,46,48,-1,33,31,27,-1,1,25,28,-1,28,25,27,-1,28,27,29,-1,29,27,31,-1,33,27,35,-1,35,27,49,-1,35,49,47,-1,47,45,35,-1,35,45,43,-1,35,43,37,-1,37,43,41,-1,37,41,39,-1,52,53,54,-1,54,53,55,-1,56,57,58,-1,58,57,59,-1,58,59,60,-1,61,62,59,-1,59,62,63,-1,59,63,60,-1,55,64,54,-1,54,64,65,-1,54,65,66,-1,66,65,67,-1,68,69,70,-1,70,69,62,-1,70,62,71,-1,71,62,61,-1,72,73,74,-1,74,73,69,-1,74,69,75,-1,75,69,68,-1,76,77,78,-1,78,77,73,-1,78,73,79,-1,79,73,72,-1,76,80,77,-1,77,80,81,-1,77,81,67,-1,67,81,82,-1,67,82,66,-1,52,54,83,-1,83,54,84,-1,59,57,85,-1,85,57,86,-1,87,88,89,-1,89,88,90,-1,89,90,91,-1,89,91,92,-1,92,91,93,-1,92,93,94,-1,94,93,95,-1,94,95,96,-1,96,95,97,-1,96,97,98,-1,98,97,99,-1,98,99,100,-1,100,99,101,-1,100,101,102,-1,102,101,103,-1,102,103,104,-1,104,103,105,-1,105,103,106,-1,105,106,107,-1,105,107,108,-1,108,107,109,-1,108,109,110,-1,110,109,111,-1,110,111,112,-1,112,111,113,-1,112,113,114,-1,114,113,115,-1,114,115,116,-1,116,115,117,-1,116,117,118,-1,118,117,119,-1,118,119,120,-1,120,119,121,-1,121,119,122,-1,123,124,122,-1,125,99,126,-1,126,99,97,-1,126,97,127,-1,127,97,95,-1,127,95,128,-1,88,129,90,-1,90,129,130,-1,90,130,91,-1,91,130,128,-1,91,128,93,-1,93,128,95,-1,122,119,123,-1,123,119,117,-1,123,117,131,-1,131,117,115,-1,131,115,132,-1,132,115,113,-1,132,113,133,-1,134,103,125,-1,125,103,101,-1,125,101,99,-1,113,111,133,-1,133,111,109,-1,133,109,135,-1,135,109,107,-1,135,107,134,-1,134,107,106,-1,134,106,103,-1,59,85,136,-1,59,136,61,-1,61,136,137,-1,61,137,71,-1,71,137,138,-1,71,138,70,-1,70,138,139,-1,70,139,68,-1,68,139,140,-1,68,140,75,-1,75,140,141,-1,75,141,74,-1,74,141,142,-1,74,142,72,-1,79,72,143,-1,143,72,142,-1,79,143,144,-1,79,144,78,-1,78,144,145,-1,78,145,76,-1,76,145,146,-1,76,146,80,-1,80,146,147,-1,80,147,81,-1,81,147,148,-1,81,148,82,-1,82,148,149,-1,82,149,66,-1,66,149,84,-1,66,84,54,-1,129,56,130,-1,130,56,58,-1,130,58,128,-1,128,58,60,-1,128,60,127,-1,127,60,63,-1,127,63,126,-1,126,63,62,-1,126,62,125,-1,125,62,69,-1,125,69,134,-1,134,69,73,-1,134,73,135,-1,135,73,77,-1,135,77,133,-1,133,77,67,-1,133,67,132,-1,132,67,65,-1,132,65,131,-1,131,65,64,-1,131,64,123,-1,123,64,55,-1,123,55,124,-1,124,55,53,-1,150,151,152,-1,153,154,155,-1,155,154,156,-1,155,156,157,-1,157,156,158,-1,157,158,159,-1,152,160,150,-1,150,160,161,-1,150,161,162,-1,162,161,163,-1,162,163,164,-1,164,163,165,-1,164,165,166,-1,167,168,169,-1,169,168,170,-1,169,170,171,-1,171,170,159,-1,171,159,172,-1,172,159,158,-1,165,173,166,-1,166,173,174,-1,166,174,175,-1,175,174,176,-1,175,176,177,-1,176,178,177,-1,177,178,179,-1,177,179,153,-1,153,179,180,-1,153,180,154,-1,181,160,182,-1,182,160,152,-1,183,178,176,-1,183,176,184,-1,184,176,174,-1,184,174,185,-1,185,174,173,-1,185,173,186,-1,186,173,165,-1,186,165,187,-1,187,165,163,-1,187,163,188,-1,188,163,161,-1,188,161,189,-1,189,161,160,-1,189,160,181,-1,190,179,183,-1,183,179,178,-1,191,169,171,-1,191,171,192,-1,192,171,172,-1,192,172,193,-1,193,172,158,-1,193,158,194,-1,194,158,156,-1,194,156,195,-1,195,156,154,-1,195,154,196,-1,196,154,180,-1,196,180,197,-1,197,180,179,-1,197,179,190,-1,198,167,191,-1,191,167,169,-1,199,200,201,-1,201,200,202,-1,203,204,205,-1,205,204,206,-1,203,207,204,-1,204,207,208,-1,208,209,204,-1,204,209,210,-1,204,210,211,-1,211,210,212,-1,211,212,213,-1,213,212,214,-1,214,212,215,-1,214,215,216,-1,217,200,218,-1,218,200,199,-1,218,199,219,-1,219,199,220,-1,221,222,223,-1,223,222,224,-1,223,224,225,-1,225,224,226,-1,226,224,227,-1,227,224,228,-1,227,228,229,-1,220,199,228,-1,228,199,230,-1,228,230,229,-1,221,231,222,-1,222,231,232,-1,222,232,215,-1,215,232,233,-1,215,233,216,-1,234,235,236,-1,237,238,239,-1,239,238,240,-1,239,240,241,-1,241,240,242,-1,241,242,243,-1,236,244,234,-1,234,244,245,-1,234,245,246,-1,246,245,247,-1,246,247,248,-1,248,247,249,-1,248,249,250,-1,251,252,253,-1,253,252,254,-1,253,254,255,-1,255,254,243,-1,255,243,256,-1,256,243,242,-1,249,257,250,-1,250,257,258,-1,250,258,259,-1,259,258,260,-1,259,260,261,-1,260,262,261,-1,261,262,263,-1,261,263,237,-1,237,263,264,-1,237,264,238,-1,265,244,266,-1,266,244,236,-1,267,262,260,-1,267,260,268,-1,268,260,258,-1,268,258,269,-1,269,258,257,-1,269,257,270,-1,270,257,249,-1,270,249,271,-1,271,249,247,-1,271,247,272,-1,272,247,245,-1,272,245,273,-1,273,245,244,-1,273,244,265,-1,274,263,267,-1,267,263,262,-1,275,253,255,-1,275,255,276,-1,276,255,256,-1,276,256,277,-1,277,256,242,-1,277,242,278,-1,278,242,240,-1,278,240,279,-1,279,240,238,-1,279,238,280,-1,280,238,264,-1,280,264,281,-1,281,264,263,-1,281,263,274,-1,282,251,275,-1,275,251,253,-1,283,284,285,-1,285,284,286,-1,287,288,289,-1,289,288,290,-1,287,291,288,-1,288,291,292,-1,292,293,288,-1,288,293,294,-1,288,294,295,-1,295,294,296,-1,295,296,297,-1,298,283,299,-1,299,283,300,-1,301,284,302,-1,302,284,283,-1,302,283,303,-1,303,283,298,-1,304,305,306,-1,306,305,299,-1,306,299,307,-1,307,299,300,-1,297,296,308,-1,308,296,309,-1,308,309,310,-1,311,312,313,-1,313,312,305,-1,313,305,314,-1,314,305,304,-1,311,315,312,-1,312,315,316,-1,312,316,309,-1,309,316,317,-1,309,317,310,-1,318,319,320,-1,321,322,323,-1,323,322,324,-1,323,324,325,-1,325,324,326,-1,327,328,329,-1,329,328,330,-1,329,330,331,-1,331,330,332,-1,331,332,326,-1,326,332,333,-1,326,333,325,-1,320,334,318,-1,318,334,335,-1,318,335,336,-1,336,335,337,-1,336,337,338,-1,338,337,339,-1,338,339,340,-1,341,342,327,-1,327,342,343,-1,327,343,328,-1,339,344,340,-1,340,344,345,-1,340,345,346,-1,346,345,347,-1,346,347,341,-1,341,347,348,-1,341,348,342,-1,349,334,350,-1,350,334,320,-1,351,348,347,-1,351,347,352,-1,352,347,345,-1,352,345,353,-1,353,345,344,-1,353,344,354,-1,354,344,339,-1,354,339,355,-1,355,339,337,-1,355,337,356,-1,356,337,335,-1,356,335,357,-1,357,335,334,-1,357,334,349,-1,358,342,351,-1,351,342,348,-1,359,323,325,-1,359,325,360,-1,360,325,333,-1,360,333,361,-1,361,333,332,-1,361,332,362,-1,362,332,330,-1,362,330,363,-1,363,330,328,-1,363,328,364,-1,364,328,343,-1,364,343,365,-1,365,343,342,-1,365,342,358,-1,366,321,359,-1,359,321,323,-1,367,368,369,-1,369,368,370,-1,371,372,373,-1,373,372,374,-1,375,368,376,-1,376,368,367,-1,376,367,377,-1,371,378,372,-1,372,378,379,-1,380,381,367,-1,367,381,382,-1,367,382,377,-1,379,383,372,-1,372,383,384,-1,372,384,385,-1,385,384,386,-1,387,388,389,-1,389,388,381,-1,389,381,390,-1,390,381,380,-1,391,392,393,-1,393,392,394,-1,393,394,386,-1,386,394,395,-1,386,395,385,-1,391,393,396,-1,396,393,397,-1,396,397,398,-1,387,399,388,-1,388,399,400,-1,388,400,397,-1,397,400,401,-1,397,401,398,-1,402,403,404,-1,405,406,407,-1,407,406,408,-1,407,408,409,-1,409,408,410,-1,404,411,402,-1,402,411,412,-1,402,412,413,-1,413,412,414,-1,413,414,415,-1,415,414,416,-1,415,416,417,-1,418,419,420,-1,420,419,421,-1,420,421,422,-1,422,421,423,-1,422,423,410,-1,410,423,424,-1,410,424,409,-1,416,425,417,-1,417,425,426,-1,417,426,427,-1,427,426,428,-1,427,428,429,-1,428,430,429,-1,429,430,431,-1,429,431,418,-1,418,431,432,-1,418,432,419,-1,433,411,434,-1,434,411,404,-1,435,430,428,-1,435,428,436,-1,436,428,426,-1,436,426,437,-1,437,426,425,-1,437,425,438,-1,438,425,416,-1,438,416,439,-1,439,416,414,-1,439,414,440,-1,440,414,412,-1,440,412,441,-1,441,412,411,-1,441,411,433,-1,442,431,435,-1,435,431,430,-1,443,407,409,-1,443,409,444,-1,444,409,424,-1,444,424,445,-1,445,424,423,-1,445,423,446,-1,446,423,421,-1,446,421,447,-1,447,421,419,-1,447,419,448,-1,448,419,432,-1,448,432,449,-1,449,432,431,-1,449,431,442,-1,450,405,443,-1,443,405,407,-1,451,452,453,-1,453,452,454,-1,455,456,457,-1,457,456,458,-1,459,452,460,-1,460,452,451,-1,460,451,461,-1,461,451,462,-1,455,463,456,-1,456,463,464,-1,464,465,456,-1,456,465,466,-1,456,466,467,-1,467,466,468,-1,469,470,471,-1,471,470,472,-1,471,472,473,-1,474,475,476,-1,476,475,477,-1,476,477,468,-1,468,477,478,-1,468,478,467,-1,462,451,472,-1,472,451,479,-1,472,479,473,-1,474,476,480,-1,480,476,481,-1,480,481,482,-1,469,483,470,-1,470,483,484,-1,470,484,481,-1,481,484,485,-1,481,485,482,-1,199,201,486,-1,199,486,230,-1,230,486,487,-1,230,487,229,-1,229,487,488,-1,229,488,227,-1,227,488,489,-1,227,489,226,-1,226,489,490,-1,226,490,225,-1,225,490,491,-1,225,491,223,-1,223,491,492,-1,223,492,221,-1,231,221,493,-1,493,221,492,-1,231,493,494,-1,231,494,232,-1,232,494,495,-1,232,495,233,-1,233,495,496,-1,233,496,216,-1,216,496,497,-1,216,497,214,-1,214,497,498,-1,214,498,213,-1,213,498,499,-1,213,499,211,-1,211,499,206,-1,211,206,204,-1,283,285,500,-1,283,500,300,-1,300,500,501,-1,300,501,307,-1,307,501,502,-1,307,502,306,-1,306,502,503,-1,306,503,304,-1,304,503,504,-1,304,504,314,-1,314,504,505,-1,314,505,313,-1,313,505,506,-1,313,506,311,-1,315,311,507,-1,507,311,506,-1,315,507,508,-1,315,508,316,-1,316,508,509,-1,316,509,317,-1,317,509,510,-1,317,510,310,-1,310,510,511,-1,310,511,308,-1,308,511,512,-1,308,512,297,-1,297,512,513,-1,297,513,295,-1,295,513,290,-1,295,290,288,-1,367,369,514,-1,367,514,380,-1,380,514,515,-1,380,515,390,-1,390,515,516,-1,390,516,389,-1,389,516,517,-1,389,517,387,-1,387,517,518,-1,387,518,399,-1,399,518,519,-1,399,519,400,-1,400,519,520,-1,400,520,401,-1,398,401,521,-1,521,401,520,-1,398,521,522,-1,398,522,396,-1,396,522,523,-1,396,523,391,-1,391,523,524,-1,391,524,392,-1,392,524,525,-1,392,525,394,-1,394,525,526,-1,394,526,395,-1,395,526,527,-1,395,527,385,-1,385,527,374,-1,385,374,372,-1,451,453,528,-1,451,528,479,-1,479,528,529,-1,479,529,473,-1,473,529,530,-1,473,530,471,-1,471,530,531,-1,471,531,469,-1,469,531,532,-1,469,532,483,-1,483,532,533,-1,483,533,484,-1,484,533,534,-1,484,534,485,-1,482,485,535,-1,535,485,534,-1,482,535,536,-1,482,536,480,-1,480,536,537,-1,480,537,474,-1,474,537,538,-1,474,538,475,-1,475,538,539,-1,475,539,477,-1,477,539,540,-1,477,540,478,-1,478,540,541,-1,478,541,467,-1,467,541,458,-1,467,458,456,-1,406,459,408,-1,408,459,460,-1,408,460,410,-1,410,460,461,-1,410,461,422,-1,422,461,462,-1,422,462,420,-1,420,462,472,-1,420,472,418,-1,418,472,470,-1,418,470,429,-1,429,470,481,-1,429,481,427,-1,427,481,476,-1,427,476,417,-1,417,476,468,-1,417,468,415,-1,415,468,466,-1,415,466,413,-1,413,466,465,-1,413,465,402,-1,402,465,464,-1,402,464,403,-1,403,464,463,-1,322,375,324,-1,324,375,376,-1,324,376,326,-1,326,376,377,-1,326,377,331,-1,331,377,382,-1,331,382,329,-1,329,382,381,-1,329,381,327,-1,327,381,388,-1,327,388,341,-1,341,388,397,-1,341,397,346,-1,346,397,393,-1,346,393,340,-1,340,393,386,-1,340,386,338,-1,338,386,384,-1,338,384,336,-1,336,384,383,-1,336,383,318,-1,318,383,379,-1,318,379,319,-1,319,379,378,-1,252,301,254,-1,254,301,302,-1,254,302,243,-1,243,302,303,-1,243,303,241,-1,241,303,298,-1,241,298,239,-1,239,298,299,-1,239,299,237,-1,237,299,305,-1,237,305,261,-1,261,305,312,-1,261,312,259,-1,259,312,309,-1,259,309,250,-1,250,309,296,-1,250,296,248,-1,248,296,294,-1,248,294,246,-1,246,294,293,-1,246,293,234,-1,234,293,292,-1,234,292,235,-1,235,292,291,-1,168,217,170,-1,170,217,218,-1,170,218,159,-1,159,218,219,-1,159,219,157,-1,157,219,220,-1,157,220,155,-1,155,220,228,-1,155,228,153,-1,153,228,224,-1,153,224,177,-1,177,224,222,-1,177,222,175,-1,175,222,215,-1,175,215,166,-1,166,215,212,-1,166,212,164,-1,164,212,210,-1,164,210,162,-1,162,210,209,-1,162,209,150,-1,150,209,208,-1,150,208,151,-1,151,208,207,-1,542,543,544,-1,545,546,547,-1,548,549,550,-1,550,549,551,-1,550,551,552,-1,552,551,553,-1,554,555,556,-1,556,555,557,-1,556,557,558,-1,558,557,559,-1,558,559,553,-1,553,559,560,-1,553,560,552,-1,544,561,542,-1,542,561,562,-1,542,562,563,-1,563,562,564,-1,563,564,565,-1,565,564,566,-1,565,566,546,-1,546,566,567,-1,546,567,547,-1,547,568,545,-1,545,568,569,-1,545,569,570,-1,570,569,571,-1,570,571,554,-1,554,571,572,-1,554,572,555,-1,561,544,573,-1,573,544,574,-1,575,569,568,-1,575,568,576,-1,576,568,547,-1,576,547,577,-1,577,547,567,-1,577,567,578,-1,578,567,566,-1,578,566,579,-1,579,566,564,-1,579,564,580,-1,580,564,562,-1,580,562,581,-1,581,562,561,-1,581,561,573,-1,571,569,582,-1,582,569,575,-1,583,550,552,-1,583,552,584,-1,584,552,560,-1,584,560,585,-1,585,560,559,-1,585,559,586,-1,586,559,557,-1,586,557,587,-1,587,557,555,-1,587,555,588,-1,588,555,572,-1,588,572,589,-1,589,572,571,-1,589,571,582,-1,548,550,590,-1,590,550,583,-1,591,592,593,-1,593,592,594,-1,595,596,597,-1,597,596,598,-1,599,600,601,-1,601,600,602,-1,598,603,597,-1,597,603,604,-1,604,605,597,-1,597,605,606,-1,597,606,607,-1,607,606,602,-1,607,602,608,-1,608,602,600,-1,609,594,610,-1,610,594,592,-1,610,592,611,-1,611,592,612,-1,613,614,615,-1,615,614,616,-1,615,616,617,-1,617,616,618,-1,618,616,619,-1,619,616,620,-1,619,620,621,-1,612,592,620,-1,620,592,622,-1,620,622,621,-1,613,623,614,-1,614,623,624,-1,614,624,601,-1,601,624,625,-1,601,625,599,-1,626,627,628,-1,628,629,626,-1,626,629,630,-1,626,630,631,-1,631,630,632,-1,631,632,633,-1,633,632,634,-1,633,634,635,-1,636,637,638,-1,638,637,639,-1,638,639,640,-1,640,639,641,-1,642,643,644,-1,644,643,645,-1,644,645,646,-1,646,645,647,-1,646,647,641,-1,641,647,648,-1,641,648,640,-1,649,650,642,-1,642,650,651,-1,642,651,643,-1,634,652,635,-1,635,652,653,-1,635,653,654,-1,654,653,655,-1,654,655,649,-1,649,655,656,-1,649,656,650,-1,629,628,657,-1,657,628,658,-1,659,656,655,-1,659,655,660,-1,660,655,653,-1,660,653,661,-1,661,653,652,-1,661,652,662,-1,662,652,634,-1,662,634,663,-1,663,634,632,-1,663,632,664,-1,664,632,630,-1,664,630,665,-1,665,630,629,-1,665,629,657,-1,650,656,666,-1,666,656,659,-1,667,638,640,-1,667,640,668,-1,668,640,648,-1,668,648,669,-1,669,648,647,-1,669,647,670,-1,670,647,645,-1,670,645,671,-1,671,645,643,-1,671,643,672,-1,672,643,651,-1,672,651,673,-1,673,651,650,-1,673,650,666,-1,636,638,674,-1,674,638,667,-1,675,676,677,-1,677,676,678,-1,679,680,681,-1,681,680,682,-1,682,683,681,-1,681,683,684,-1,685,686,687,-1,687,686,688,-1,687,688,689,-1,689,688,690,-1,691,678,692,-1,692,678,676,-1,692,676,693,-1,693,676,694,-1,684,695,681,-1,681,695,696,-1,681,696,697,-1,697,696,698,-1,697,698,699,-1,699,698,700,-1,700,698,701,-1,700,701,702,-1,690,688,703,-1,703,688,704,-1,703,704,705,-1,694,676,704,-1,704,676,706,-1,704,706,705,-1,685,707,686,-1,686,707,708,-1,686,708,701,-1,701,708,709,-1,701,709,702,-1,710,711,712,-1,713,714,715,-1,715,714,716,-1,715,716,717,-1,717,716,718,-1,719,720,721,-1,721,720,722,-1,721,722,723,-1,723,722,724,-1,723,724,718,-1,718,724,725,-1,718,725,717,-1,712,726,710,-1,710,726,727,-1,710,727,728,-1,728,727,729,-1,728,729,730,-1,730,729,731,-1,730,731,732,-1,733,734,735,-1,735,734,736,-1,735,736,719,-1,719,736,737,-1,719,737,720,-1,731,738,732,-1,732,738,739,-1,732,739,733,-1,733,739,740,-1,733,740,734,-1,726,712,741,-1,741,712,742,-1,743,734,740,-1,743,740,744,-1,744,740,739,-1,744,739,745,-1,745,739,738,-1,745,738,746,-1,746,738,731,-1,746,731,747,-1,747,731,729,-1,747,729,748,-1,748,729,727,-1,748,727,749,-1,749,727,726,-1,749,726,741,-1,736,734,750,-1,750,734,743,-1,751,715,717,-1,751,717,752,-1,752,717,725,-1,752,725,753,-1,753,725,724,-1,753,724,754,-1,754,724,722,-1,754,722,755,-1,755,722,720,-1,755,720,756,-1,756,720,737,-1,756,737,757,-1,757,737,736,-1,757,736,750,-1,713,715,758,-1,758,715,751,-1,759,760,761,-1,761,760,762,-1,763,764,765,-1,765,764,766,-1,766,767,765,-1,765,767,768,-1,769,762,770,-1,770,762,760,-1,768,771,765,-1,765,771,772,-1,765,772,773,-1,773,772,774,-1,773,774,775,-1,776,777,760,-1,760,777,778,-1,760,778,770,-1,775,774,779,-1,779,774,780,-1,779,780,781,-1,782,783,784,-1,784,783,785,-1,784,785,786,-1,786,785,787,-1,782,788,783,-1,783,788,789,-1,783,789,780,-1,780,789,790,-1,780,790,781,-1,760,791,776,-1,776,791,792,-1,776,792,785,-1,785,792,793,-1,785,793,787,-1,794,795,796,-1,797,798,799,-1,799,798,800,-1,799,800,801,-1,801,800,802,-1,796,803,794,-1,794,803,804,-1,794,804,805,-1,805,804,806,-1,805,806,807,-1,807,806,808,-1,807,808,809,-1,810,811,812,-1,812,811,813,-1,812,813,814,-1,814,813,815,-1,814,815,802,-1,802,815,816,-1,802,816,801,-1,817,818,810,-1,810,818,819,-1,810,819,811,-1,808,820,809,-1,809,820,821,-1,809,821,822,-1,822,821,823,-1,822,823,817,-1,817,823,824,-1,817,824,818,-1,803,796,825,-1,825,796,826,-1,827,824,823,-1,827,823,828,-1,828,823,821,-1,828,821,829,-1,829,821,820,-1,829,820,830,-1,830,820,808,-1,830,808,831,-1,831,808,806,-1,831,806,832,-1,832,806,804,-1,832,804,833,-1,833,804,803,-1,833,803,825,-1,818,824,834,-1,834,824,827,-1,835,799,801,-1,835,801,836,-1,836,801,816,-1,836,816,837,-1,837,816,815,-1,837,815,838,-1,838,815,813,-1,838,813,839,-1,839,813,811,-1,839,811,840,-1,840,811,819,-1,840,819,841,-1,841,819,818,-1,841,818,834,-1,797,799,842,-1,842,799,835,-1,843,844,845,-1,845,844,846,-1,847,848,849,-1,849,848,850,-1,850,851,849,-1,849,851,852,-1,853,846,854,-1,854,846,844,-1,852,855,849,-1,849,855,856,-1,849,856,857,-1,857,856,858,-1,857,858,859,-1,860,861,862,-1,862,861,863,-1,862,863,864,-1,864,863,865,-1,866,867,844,-1,844,867,868,-1,844,868,854,-1,859,858,869,-1,869,858,870,-1,869,870,871,-1,860,872,861,-1,861,872,873,-1,861,873,870,-1,870,873,874,-1,870,874,871,-1,844,875,866,-1,866,875,876,-1,866,876,863,-1,863,876,877,-1,863,877,865,-1,878,879,880,-1,881,882,883,-1,883,882,884,-1,883,884,885,-1,885,884,886,-1,887,888,889,-1,889,888,890,-1,889,890,891,-1,891,890,892,-1,891,892,886,-1,886,892,893,-1,886,893,885,-1,894,895,896,-1,896,895,897,-1,896,897,887,-1,887,897,898,-1,887,898,888,-1,880,899,878,-1,878,899,900,-1,878,900,901,-1,901,900,902,-1,901,902,903,-1,903,902,904,-1,903,904,905,-1,904,906,905,-1,905,906,907,-1,905,907,894,-1,894,907,908,-1,894,908,895,-1,899,880,909,-1,909,880,910,-1,911,895,908,-1,911,908,912,-1,912,908,907,-1,912,907,913,-1,913,907,906,-1,913,906,914,-1,914,906,904,-1,914,904,915,-1,915,904,902,-1,915,902,916,-1,916,902,900,-1,916,900,917,-1,917,900,899,-1,917,899,909,-1,897,895,918,-1,918,895,911,-1,919,883,885,-1,919,885,920,-1,920,885,893,-1,920,893,921,-1,921,893,892,-1,921,892,922,-1,922,892,890,-1,922,890,923,-1,923,890,888,-1,923,888,924,-1,924,888,898,-1,924,898,925,-1,925,898,897,-1,925,897,918,-1,881,883,926,-1,926,883,919,-1,927,928,929,-1,929,928,930,-1,931,932,933,-1,933,932,934,-1,934,935,933,-1,933,935,936,-1,937,930,938,-1,938,930,928,-1,938,928,939,-1,939,928,940,-1,941,942,943,-1,943,942,944,-1,943,944,945,-1,945,944,946,-1,946,944,947,-1,947,944,948,-1,947,948,949,-1,936,950,933,-1,933,950,951,-1,933,951,952,-1,952,951,953,-1,952,953,954,-1,940,928,948,-1,948,928,955,-1,948,955,949,-1,954,953,956,-1,956,953,957,-1,956,957,958,-1,941,959,942,-1,942,959,960,-1,942,960,957,-1,957,960,961,-1,957,961,958,-1,592,591,962,-1,592,962,622,-1,622,962,963,-1,622,963,621,-1,621,963,964,-1,621,964,619,-1,619,964,965,-1,619,965,618,-1,618,965,966,-1,618,966,617,-1,617,966,967,-1,617,967,615,-1,615,967,968,-1,615,968,613,-1,623,613,969,-1,969,613,968,-1,623,969,970,-1,623,970,624,-1,624,970,971,-1,624,971,625,-1,625,971,972,-1,625,972,599,-1,599,972,973,-1,599,973,600,-1,600,973,974,-1,600,974,608,-1,608,974,975,-1,608,975,607,-1,607,975,595,-1,607,595,597,-1,676,675,976,-1,676,976,706,-1,706,976,977,-1,706,977,705,-1,705,977,978,-1,705,978,703,-1,703,978,979,-1,703,979,690,-1,690,979,980,-1,690,980,689,-1,689,980,981,-1,689,981,687,-1,687,981,982,-1,687,982,685,-1,707,685,983,-1,983,685,982,-1,707,983,984,-1,707,984,708,-1,708,984,985,-1,708,985,709,-1,709,985,986,-1,709,986,702,-1,702,986,987,-1,702,987,700,-1,700,987,988,-1,700,988,699,-1,699,988,989,-1,699,989,697,-1,697,989,679,-1,697,679,681,-1,760,759,990,-1,760,990,791,-1,791,990,991,-1,791,991,792,-1,792,991,992,-1,792,992,793,-1,793,992,993,-1,793,993,787,-1,787,993,994,-1,787,994,786,-1,786,994,995,-1,786,995,784,-1,784,995,996,-1,784,996,782,-1,788,782,997,-1,997,782,996,-1,788,997,998,-1,788,998,789,-1,789,998,999,-1,789,999,790,-1,790,999,1000,-1,790,1000,781,-1,781,1000,1001,-1,781,1001,779,-1,779,1001,1002,-1,779,1002,775,-1,775,1002,1003,-1,775,1003,773,-1,773,1003,763,-1,773,763,765,-1,844,843,1004,-1,844,1004,875,-1,875,1004,1005,-1,875,1005,876,-1,876,1005,1006,-1,876,1006,877,-1,877,1006,1007,-1,877,1007,865,-1,865,1007,1008,-1,865,1008,864,-1,864,1008,1009,-1,864,1009,862,-1,862,1009,1010,-1,862,1010,860,-1,872,860,1011,-1,1011,860,1010,-1,872,1011,1012,-1,872,1012,873,-1,873,1012,1013,-1,873,1013,874,-1,874,1013,1014,-1,874,1014,871,-1,871,1014,1015,-1,871,1015,869,-1,869,1015,1016,-1,869,1016,859,-1,859,1016,1017,-1,859,1017,857,-1,857,1017,847,-1,857,847,849,-1,928,927,1018,-1,928,1018,955,-1,955,1018,1019,-1,955,1019,949,-1,949,1019,1020,-1,949,1020,947,-1,947,1020,1021,-1,947,1021,946,-1,946,1021,1022,-1,946,1022,945,-1,945,1022,1023,-1,945,1023,943,-1,943,1023,1024,-1,943,1024,941,-1,959,941,1025,-1,1025,941,1024,-1,959,1025,1026,-1,959,1026,960,-1,960,1026,1027,-1,960,1027,961,-1,961,1027,1028,-1,961,1028,958,-1,958,1028,1029,-1,958,1029,956,-1,956,1029,1030,-1,956,1030,954,-1,954,1030,1031,-1,954,1031,952,-1,952,1031,931,-1,952,931,933,-1,882,937,884,-1,884,937,938,-1,884,938,886,-1,886,938,939,-1,886,939,891,-1,891,939,940,-1,891,940,889,-1,889,940,948,-1,889,948,887,-1,887,948,944,-1,887,944,896,-1,896,944,942,-1,896,942,894,-1,894,942,957,-1,894,957,905,-1,905,957,953,-1,905,953,903,-1,903,953,951,-1,903,951,901,-1,901,951,950,-1,901,950,878,-1,878,950,936,-1,878,936,879,-1,879,936,935,-1,798,853,800,-1,800,853,854,-1,800,854,802,-1,802,854,868,-1,802,868,814,-1,814,868,867,-1,814,867,812,-1,812,867,866,-1,812,866,810,-1,810,866,863,-1,810,863,817,-1,817,863,861,-1,817,861,822,-1,822,861,870,-1,822,870,809,-1,809,870,858,-1,809,858,807,-1,807,858,856,-1,807,856,805,-1,805,856,855,-1,805,855,794,-1,794,855,852,-1,794,852,795,-1,795,852,851,-1,714,769,716,-1,716,769,770,-1,716,770,718,-1,718,770,778,-1,718,778,723,-1,723,778,777,-1,723,777,721,-1,721,777,776,-1,721,776,719,-1,719,776,785,-1,719,785,735,-1,735,785,783,-1,735,783,733,-1,733,783,780,-1,733,780,732,-1,732,780,774,-1,732,774,730,-1,730,774,772,-1,730,772,728,-1,728,772,771,-1,728,771,710,-1,710,771,768,-1,710,768,711,-1,711,768,767,-1,637,691,639,-1,639,691,692,-1,639,692,641,-1,641,692,693,-1,641,693,646,-1,646,693,694,-1,646,694,644,-1,644,694,704,-1,644,704,642,-1,642,704,688,-1,642,688,649,-1,649,688,686,-1,649,686,654,-1,654,686,701,-1,654,701,635,-1,635,701,698,-1,635,698,633,-1,633,698,696,-1,633,696,631,-1,631,696,695,-1,631,695,626,-1,626,695,684,-1,626,684,627,-1,627,684,683,-1,549,609,551,-1,551,609,610,-1,551,610,553,-1,553,610,611,-1,553,611,558,-1,558,611,612,-1,558,612,556,-1,556,612,620,-1,556,620,554,-1,554,620,616,-1,554,616,570,-1,570,616,614,-1,570,614,545,-1,545,614,601,-1,545,601,546,-1,546,601,602,-1,546,602,565,-1,565,602,606,-1,565,606,563,-1,563,606,605,-1,563,605,542,-1,542,605,604,-1,542,604,543,-1,543,604,603,-1,
        ]
    }
}
Shape{
    appearance Appearance {
        material  Material 	{
            diffuseColor 0.0 0.0 0.0
            specularColor 0.0 0.0 0.0
            ambientIntensity 0.0
            transparency 0.0
            shininess 0.5
        }
    }
    geometry IndexedFaceSet {
        ccw TRUE
        solid FALSE
        coord DEF co Coordinate {
            point [
                -0.0282 1.8136 0.3228, -0.0282 1.8045 0.3228, -0.0282 1.8136 0.3189, -0.0282 1.8045 0.3189, -0.06 1.8136 0.3228, -0.06 1.8136 0.3189, -0.06 1.8845 0.3228, -0.06 1.8845 0.3189, -0.0704 1.8845 0.3228, -0.0704 1.8845 0.3189, -0.0704 1.8045 0.3228, -0.0704 1.8045 0.3189, 0.0129 1.8031 0.3228, 0.0129 1.8031 0.3189, 0.0251 1.8043 0.3228, 0.02 1.8038 0.3189, 0.0251 1.8043 0.3189, 0.0337 1.8071 0.3189, 0.0337 1.8071 0.3228, 0.0351 1.8078 0.3189, 0.0351 1.8078 0.3228, 0.0351 1.8177 0.3228, 0.0351 1.8177 0.3189, 0.0279 1.8144 0.3189, 0.0279 1.8144 0.3228, 0.019 1.8125 0.3189, 0.019 1.8125 0.3228, 0.0144 1.8123 0.3189, 0.0144 1.8123 0.3228, 0.0066 1.8132 0.3189, 0.0066 1.8132 0.3228, 0.0009 1.8154 0.3189, 0.0009 1.8154 0.3228, -0.0044 1.819 0.3189, -0.0044 1.819 0.3228, -0.0062 1.8207 0.3189, -0.0062 1.8207 0.3228, -0.0102 1.8264 0.3189, -0.0102 1.8264 0.3228, -0.0127 1.8329 0.3189, -0.0127 1.8329 0.3228, -0.014 1.8427 0.3189, -0.014 1.8427 0.3228, -0.014 1.8436 0.3189, -0.014 1.8436 0.3228, -0.0131 1.8529 0.3189, -0.0131 1.8529 0.3228, -0.0107 1.8602 0.3189, -0.0107 1.8602 0.3228, -0.007 1.866 0.3189, -0.007 1.866 0.3228, -0.0056 1.8677 0.3189, -0.0056 1.8677 0.3228, -0.0 1.8722 0.3189, -0.0 1.8722 0.3228, 0.0063 1.8751 0.3189, 0.0063 1.8751 0.3228, 0.0133 1.8764 0.3189, 0.0133 1.8764 0.3228, 0.0162 1.8765 0.3189, 0.0162 1.8765 0.3228, 0.025 1.8756 0.3189, 0.025 1.8756 0.3228, 0.0332 1.8728 0.3189, 0.0332 1.8728 0.3228, 0.0351 1.8718 0.3189, 0.0351 1.8718 0.3228, 0.0351 1.8826 0.3228, 0.0351 1.8826 0.3189, 0.0161 1.8859 0.3189, 0.0161 1.8859 0.3228, 0.0174 1.8859 0.3228, 0.0276 1.8849 0.3189, 0.0276 1.8849 0.3228, 0.0241 1.8852 0.3189, 0.0174 1.8859 0.3189, 0.0105 1.8852 0.3189, 0.0046 1.8845 0.3228, 0.0046 1.8845 0.3189, -0.0038 1.8813 0.3189, -0.0038 1.8813 0.3228, -0.0115 1.8758 0.3189, -0.0115 1.8758 0.3228, -0.0133 1.8741 0.3189, -0.0133 1.8741 0.3228, -0.0185 1.8675 0.3189, -0.0185 1.8675 0.3228, -0.0226 1.8587 0.3189, -0.0226 1.8587 0.3228, -0.0246 1.8486 0.3189, -0.0246 1.8486 0.3228, -0.0249 1.843 0.3189, -0.0249 1.843 0.3228, -0.0233 1.8301 0.3189, -0.0233 1.8301 0.3228, -0.0201 1.8217 0.3189, -0.0201 1.8217 0.3228, -0.0153 1.8148 0.3189, -0.0153 1.8148 0.3228, -0.0146 1.814 0.3189, -0.0146 1.814 0.3228, 0.0075 1.8034 0.3228, -0.0086 1.809 0.3189, -0.0086 1.809 0.3228, -0.0011 1.8053 0.3189, -0.0011 1.8053 0.3228, 0.0057 1.8038 0.3189, 0.0075 1.8034 0.3189, 0.0942 1.8136 0.3228, 0.0942 1.8045 0.3228, 0.0942 1.8136 0.3189, 0.0942 1.8045 0.3189, 0.0614 1.8136 0.3189, 0.0614 1.8136 0.3228, 0.0831 1.8136 0.3189, 0.0614 1.8405 0.3228, 0.0614 1.8405 0.3189, 0.0901 1.8405 0.3228, 0.0831 1.8405 0.3189, 0.0901 1.8405 0.3189, 0.0901 1.8497 0.3228, 0.0901 1.8497 0.3189, 0.0614 1.8497 0.3189, 0.0614 1.8497 0.3228, 0.0831 1.8497 0.3189, 0.0614 1.8753 0.3228, 0.0614 1.8753 0.3189, 0.0923 1.8753 0.3228, 0.0831 1.8753 0.3189, 0.0923 1.8753 0.3189, 0.0923 1.8845 0.3228, 0.0923 1.8845 0.3189, 0.0511 1.8845 0.3189, 0.0511 1.8845 0.3228, 0.0831 1.8845 0.3189, 0.0511 1.8045 0.3228, 0.0511 1.8045 0.3189, 0.0831 1.8045 0.3189, 0.1419 1.8742 0.3228, 0.1338 1.8845 0.3228, 0.1317 1.8753 0.3228, 0.1321 1.8845 0.3228, 0.1196 1.8753 0.3228, 0.1093 1.8845 0.3228, 0.1196 1.8136 0.3228, 0.1093 1.8045 0.3228, 0.1312 1.8136 0.3228, 0.1313 1.8045 0.3228, 0.1406 1.8145 0.3228, 0.1448 1.8061 0.3228, 0.1477 1.8168 0.3228, 0.1539 1.8096 0.3228, 0.1531 1.8202 0.3228, 0.1624 1.8157 0.3228, 0.1551 1.8219 0.3228, 0.1592 1.8272 0.3228, 0.1678 1.822 0.3228, 0.1619 1.8332 0.3228, 0.172 1.8301 0.3228, 0.1634 1.8407 0.3228, 0.1741 1.8393 0.3228, 0.1636 1.8452 0.3228, 0.1745 1.8455 0.3228, 0.1627 1.8541 0.3228, 0.1732 1.8564 0.3228, 0.1606 1.8603 0.3228, 0.1702 1.8641 0.3228, 0.1576 1.8649 0.3228, 0.1653 1.8711 0.3228, 0.1548 1.8678 0.3228, 0.1624 1.8739 0.3228, 0.1489 1.8717 0.3228, 0.1553 1.879 0.3228, 0.1458 1.8828 0.3228, 0.1313 1.8045 0.3189, 0.1093 1.8045 0.3189, 0.1624 1.8157 0.3189, 0.1448 1.8061 0.3189, 0.146 1.8065 0.3189, 0.1539 1.8096 0.3189, 0.1678 1.822 0.3189, 0.172 1.8301 0.3189, 0.1741 1.8393 0.3189, 0.1745 1.8455 0.3189, 0.1732 1.8564 0.3189, 0.1702 1.8641 0.3189, 0.1653 1.8711 0.3189, 0.1624 1.8739 0.3189, 0.1553 1.879 0.3189, 0.146 1.8827 0.3189, 0.1458 1.8828 0.3189, 0.1338 1.8845 0.3189, 0.1321 1.8845 0.3189, 0.1093 1.8845 0.3189, 0.1317 1.8753 0.3189, 0.1196 1.8753 0.3189, 0.1196 1.8136 0.3189, 0.1312 1.8136 0.3189, 0.1551 1.8219 0.3189, 0.1531 1.8202 0.3189, 0.1477 1.8168 0.3189, 0.1406 1.8145 0.3189, 0.1636 1.8452 0.3189, 0.1634 1.8407 0.3189, 0.1619 1.8332 0.3189, 0.1592 1.8272 0.3189, 0.1548 1.8678 0.3189, 0.1576 1.8649 0.3189, 0.1606 1.8603 0.3189, 0.1627 1.8541 0.3189, 0.1419 1.8742 0.3189, 0.1489 1.8717 0.3189
            ]
        }
        coordIndex [
            0,1,2,-1,2,1,3,-1,4,0,5,-1,5,0,2,-1,6,4,7,-1,7,4,5,-1,8,6,9,-1,9,6,7,-1,10,8,11,-1,11,8,9,-1,1,10,3,-1,3,10,11,-1,6,8,4,-1,4,8,10,-1,4,10,0,-1,0,10,1,-1,12,13,14,-1,14,13,15,-1,15,16,14,-1,14,16,17,-1,14,17,18,-1,18,17,19,-1,18,19,20,-1,21,20,22,-1,22,20,19,-1,21,22,23,-1,21,23,24,-1,24,23,25,-1,24,25,26,-1,26,25,27,-1,26,27,28,-1,28,27,29,-1,28,29,30,-1,30,29,31,-1,30,31,32,-1,32,31,33,-1,32,33,34,-1,34,33,35,-1,34,35,36,-1,36,35,37,-1,36,37,38,-1,38,37,39,-1,38,39,40,-1,40,39,41,-1,40,41,42,-1,42,41,43,-1,42,43,44,-1,44,43,45,-1,44,45,46,-1,46,45,47,-1,46,47,48,-1,48,47,49,-1,48,49,50,-1,50,49,51,-1,50,51,52,-1,52,51,53,-1,52,53,54,-1,54,53,55,-1,54,55,56,-1,56,55,57,-1,56,57,58,-1,58,57,59,-1,58,59,60,-1,60,59,61,-1,60,61,62,-1,62,61,63,-1,62,63,64,-1,64,63,65,-1,64,65,66,-1,67,66,68,-1,68,66,65,-1,69,70,71,-1,67,68,72,-1,67,72,73,-1,73,72,74,-1,73,74,71,-1,71,74,75,-1,71,75,69,-1,70,69,76,-1,70,76,77,-1,76,78,77,-1,77,78,79,-1,77,79,80,-1,80,79,81,-1,80,81,82,-1,82,81,83,-1,82,83,84,-1,84,83,85,-1,84,85,86,-1,86,85,87,-1,86,87,88,-1,88,87,89,-1,88,89,90,-1,90,89,91,-1,90,91,92,-1,92,91,93,-1,92,93,94,-1,94,93,95,-1,94,95,96,-1,96,95,97,-1,96,97,98,-1,98,97,99,-1,98,99,100,-1,13,12,101,-1,100,99,102,-1,100,102,103,-1,103,102,104,-1,103,104,105,-1,105,104,106,-1,105,106,101,-1,101,106,107,-1,101,107,13,-1,64,66,67,-1,54,56,77,-1,77,56,70,-1,46,48,86,-1,64,67,62,-1,56,58,70,-1,70,58,60,-1,70,60,71,-1,71,60,62,-1,71,62,73,-1,73,62,67,-1,20,21,18,-1,18,21,24,-1,18,24,14,-1,14,24,26,-1,14,26,12,-1,12,26,28,-1,12,28,101,-1,101,28,30,-1,101,30,105,-1,105,30,32,-1,105,32,103,-1,103,32,34,-1,103,34,100,-1,100,34,36,-1,100,36,98,-1,98,36,38,-1,98,38,96,-1,96,38,94,-1,94,38,40,-1,94,40,92,-1,86,48,84,-1,77,80,54,-1,54,80,82,-1,54,82,52,-1,52,82,84,-1,52,84,50,-1,50,84,48,-1,40,42,92,-1,92,42,44,-1,92,44,90,-1,90,44,46,-1,90,46,88,-1,88,46,86,-1,108,109,110,-1,110,109,111,-1,112,113,114,-1,114,113,108,-1,114,108,110,-1,115,113,116,-1,116,113,112,-1,115,116,117,-1,117,116,118,-1,117,118,119,-1,120,117,121,-1,121,117,119,-1,122,123,124,-1,124,123,120,-1,124,120,121,-1,125,123,126,-1,126,123,122,-1,125,126,127,-1,127,126,128,-1,127,128,129,-1,130,127,131,-1,131,127,129,-1,132,133,134,-1,134,133,130,-1,134,130,131,-1,135,133,136,-1,136,133,132,-1,135,136,109,-1,109,136,137,-1,109,137,111,-1,135,109,108,-1,108,113,135,-1,135,113,115,-1,135,115,133,-1,127,130,125,-1,125,130,133,-1,125,133,123,-1,123,133,115,-1,123,115,120,-1,120,115,117,-1,138,139,140,-1,140,139,141,-1,140,141,142,-1,142,141,143,-1,142,143,144,-1,144,143,145,-1,144,145,146,-1,146,145,147,-1,146,147,148,-1,148,147,149,-1,148,149,150,-1,150,149,151,-1,150,151,152,-1,152,151,153,-1,152,153,154,-1,154,153,155,-1,155,153,156,-1,155,156,157,-1,157,156,158,-1,157,158,159,-1,159,158,160,-1,159,160,161,-1,161,160,162,-1,161,162,163,-1,163,162,164,-1,163,164,165,-1,165,164,166,-1,165,166,167,-1,167,166,168,-1,167,168,169,-1,169,168,170,-1,169,170,171,-1,171,170,172,-1,171,172,138,-1,138,172,173,-1,138,173,139,-1,147,145,174,-1,174,145,175,-1,176,153,151,-1,147,174,177,-1,147,177,149,-1,149,177,178,-1,149,178,151,-1,151,178,179,-1,151,179,176,-1,153,176,180,-1,153,180,156,-1,156,180,181,-1,156,181,158,-1,158,181,182,-1,158,182,160,-1,160,182,183,-1,160,183,162,-1,162,183,184,-1,162,184,164,-1,164,184,185,-1,164,185,166,-1,166,185,186,-1,166,186,168,-1,168,186,187,-1,168,187,170,-1,170,187,188,-1,170,188,172,-1,172,188,189,-1,172,189,173,-1,189,190,173,-1,173,190,191,-1,173,191,139,-1,139,191,192,-1,139,192,141,-1,143,141,193,-1,193,141,192,-1,145,143,175,-1,175,143,193,-1,140,142,194,-1,194,142,195,-1,142,144,195,-1,195,144,196,-1,144,146,196,-1,196,146,197,-1,154,198,199,-1,154,199,152,-1,152,199,200,-1,152,200,150,-1,150,200,201,-1,150,201,148,-1,148,201,197,-1,148,197,146,-1,161,202,203,-1,161,203,159,-1,159,203,204,-1,159,204,157,-1,157,204,205,-1,157,205,155,-1,155,205,198,-1,155,198,154,-1,169,206,207,-1,169,207,167,-1,167,207,208,-1,167,208,165,-1,165,208,209,-1,165,209,163,-1,163,209,202,-1,163,202,161,-1,140,194,210,-1,140,210,138,-1,138,210,211,-1,138,211,171,-1,171,211,206,-1,171,206,169,-1,
        ]
    }
}
Shape{
    appearance Appearance {
        material  Material 	{
            diffuseColor 0.0 0.5019607843137255 0.0
            specularColor 0.0 0.25098039215686274 0.0
            ambientIntensity 0.2947
            transparency 0.0
            shininess 0.5
        }
    }
    geometry IndexedFaceSet {
        ccw TRUE
        solid FALSE
        coord DEF co Coordinate {
            point [
                0.1196 1.8753 0.3189, 0.1196 1.8136 0.3189, 0.1317 1.8753 0.3189, 0.1312 1.8136 0.3189, 0.1636 1.8452 0.3189, 0.1627 1.8541 0.3189, 0.1606 1.8603 0.3189, 0.1576 1.8649 0.3189, 0.1548 1.8678 0.3189, 0.1634 1.8407 0.3189, 0.1406 1.8145 0.3189, 0.1477 1.8168 0.3189, 0.1531 1.8202 0.3189, 0.1551 1.8219 0.3189, 0.1619 1.8332 0.3189, 0.1592 1.8272 0.3189, 0.1489 1.8717 0.3189, 0.1419 1.8742 0.3189
            ]
        }
        coordIndex [
            0,1,2,-1,2,1,3,-1,3,4,5,-1,5,6,3,-1,3,6,7,-1,3,7,8,-1,4,3,9,-1,9,3,10,-1,9,10,11,-1,11,12,9,-1,9,12,13,-1,9,13,14,-1,14,13,15,-1,8,16,3,-1,3,16,17,-1,3,17,2,-1,
        ]
    }
}
Shape{
    appearance Appearance {
        material  Material 	{
            diffuseColor 0.0 0.0 0.0
            specularColor 0.0 0.0 0.0
            ambientIntensity 0.0
            transparency 0.0
            shininess 0.5
        }
    }
    geometry IndexedFaceSet {
        ccw TRUE
        solid FALSE
        coord DEF co Coordinate {
            point [
                0.2013 1.8354 0.3228, 0.198 1.8264 0.3228, 0.2282 1.8354 0.3228, 0.2314 1.8264 0.3228, 0.2133 1.8687 0.3228, 0.2094 1.8845 0.3228, 0.1789 1.8045 0.3228, 0.1903 1.8045 0.3228, 0.214 1.8711 0.3228, 0.2146 1.8743 0.3228, 0.2205 1.8845 0.3228, 0.2148 1.8743 0.3228, 0.2155 1.8709 0.3228, 0.2161 1.8687 0.3228, 0.251 1.8045 0.3228, 0.2395 1.8045 0.3228, 0.2205 1.8845 0.3189, 0.251 1.8045 0.3189, 0.2094 1.8845 0.3189, 0.1789 1.8045 0.3189, 0.1903 1.8045 0.3189, 0.198 1.8264 0.3189, 0.2314 1.8264 0.3189, 0.2395 1.8045 0.3189, 0.2013 1.8354 0.3189, 0.2282 1.8354 0.3189, 0.2161 1.8687 0.3189, 0.2148 1.8743 0.3189, 0.2155 1.8709 0.3189, 0.2146 1.8743 0.3189, 0.2133 1.8687 0.3189, 0.214 1.8711 0.3189
            ]
        }
        coordIndex [
            0,1,2,-1,2,1,3,-1,4,5,0,-1,0,5,6,-1,0,6,1,-1,1,6,7,-1,4,8,5,-1,5,8,9,-1,5,9,10,-1,10,9,11,-1,10,11,12,-1,12,13,10,-1,10,13,2,-1,10,2,14,-1,14,2,3,-1,14,3,15,-1,10,14,16,-1,16,14,17,-1,5,10,18,-1,18,10,16,-1,6,5,19,-1,19,5,18,-1,7,6,20,-1,20,6,19,-1,1,7,21,-1,21,7,20,-1,3,1,22,-1,22,1,21,-1,15,3,23,-1,23,3,22,-1,14,15,17,-1,17,15,23,-1,0,2,24,-1,24,2,25,-1,2,13,25,-1,25,13,26,-1,11,27,28,-1,11,28,12,-1,12,28,26,-1,12,26,13,-1,11,9,27,-1,27,9,29,-1,4,30,31,-1,4,31,8,-1,8,31,29,-1,8,29,9,-1,4,0,30,-1,30,0,24,-1,
        ]
    }
}
Shape{
    appearance Appearance {
        material  Material 	{
            diffuseColor 0.0 0.5019607843137255 0.0
            specularColor 0.0 0.25098039215686274 0.0
            ambientIntensity 0.2947
            transparency 0.0
            shininess 0.5
        }
    }
    geometry IndexedFaceSet {
        ccw TRUE
        solid FALSE
        coord DEF co Coordinate {
            point [
                0.2148 1.8743 0.3189, 0.2146 1.8743 0.3189, 0.2155 1.8709 0.3189, 0.214 1.8711 0.3189, 0.2161 1.8687 0.3189, 0.2133 1.8687 0.3189, 0.2282 1.8354 0.3189, 0.2013 1.8354 0.3189
            ]
        }
        coordIndex [
            0,1,2,-1,2,1,3,-1,2,3,4,-1,4,3,5,-1,4,5,6,-1,6,5,7,-1,
        ]
    }
}
Shape{
    appearance Appearance {
        material  Material 	{
            diffuseColor 0.0 0.0 0.0
            specularColor 0.0 0.0 0.0
            ambientIntensity 0.0
            transparency 0.0
            shininess 0.5
        }
    }
    geometry IndexedFaceSet {
        ccw TRUE
        solid FALSE
        coord DEF co Coordinate {
            point [
                -0.0273 1.6866 0.3228, -0.0273 1.6774 0.3228, -0.0273 1.6866 0.3189, -0.0273 1.6774 0.3189, -0.06 1.6866 0.3189, -0.06 1.6866 0.3228, -0.0277 1.6866 0.3189, -0.06 1.7135 0.3228, -0.06 1.7135 0.3189, -0.0314 1.7135 0.3228, -0.0314 1.7135 0.3189, -0.0314 1.7227 0.3228, -0.0314 1.7227 0.3189, -0.06 1.7227 0.3228, -0.06 1.7227 0.3189, -0.06 1.7483 0.3189, -0.06 1.7483 0.3228, -0.06 1.7467 0.3189, -0.0291 1.7483 0.3228, -0.0291 1.7483 0.3189, -0.0291 1.7575 0.3228, -0.0291 1.7575 0.3189, -0.0704 1.7575 0.3228, -0.0704 1.7575 0.3189, -0.0704 1.6774 0.3189, -0.0704 1.6774 0.3228, -0.0704 1.7467 0.3189, -0.0277 1.6774 0.3189, 0.0182 1.6774 0.3228, 0.0282 1.6774 0.3228, 0.0182 1.6863 0.3228, 0.0282 1.7142 0.3228, 0.0182 1.7138 0.3228, -0.0035 1.7018 0.3228, -0.0011 1.703 0.3228, 0.0048 1.7043 0.3228, 0.0182 1.7061 0.3228, 0.0182 1.7006 0.3228, 0.0179 1.7182 0.3228, 0.0273 1.7224 0.3228, 0.0168 1.7218 0.3228, 0.0257 1.7268 0.3228, 0.0156 1.7239 0.3228, 0.0236 1.7299 0.3228, 0.0141 1.7255 0.3228, 0.0213 1.7321 0.3228, 0.0123 1.7266 0.3228, 0.018 1.734 0.3228, 0.01 1.7274 0.3228, 0.0138 1.7353 0.3228, 0.0066 1.7278 0.3228, 0.0076 1.7359 0.3228, 0.0008 1.7272 0.3228, -0.0013 1.735 0.3228, -0.0055 1.7251 0.3228, -0.0089 1.7324 0.3228, -0.0121 1.7209 0.3228, -0.0121 1.7306 0.3228, 0.0182 1.7 0.3228, 0.0175 1.6955 0.3228, 0.0161 1.6919 0.3228, 0.0179 1.6863 0.3228, 0.0139 1.689 0.3228, 0.0164 1.6839 0.3228, 0.0126 1.6877 0.3228, 0.0132 1.6805 0.3228, 0.0098 1.6858 0.3228, 0.0097 1.6781 0.3228, 0.0068 1.6847 0.3228, 0.0056 1.6767 0.3228, 0.003 1.6843 0.3228, 0.0004 1.6761 0.3228, -0.0004 1.6847 0.3228, -0.0056 1.6768 0.3228, -0.0026 1.6855 0.3228, -0.0094 1.6782 0.3228, -0.0046 1.6869 0.3228, -0.0128 1.6806 0.3228, -0.0055 1.6877 0.3228, 0.0013 1.7114 0.3228, -0.0068 1.7094 0.3228, -0.0049 1.7008 0.3228, -0.0109 1.7072 0.3228, -0.0061 1.6993 0.3228, -0.0139 1.7045 0.3228, -0.007 1.6975 0.3228, -0.016 1.7012 0.3228, -0.0075 1.6952 0.3228, -0.0172 1.6976 0.3228, -0.0075 1.6936 0.3228, -0.0177 1.6927 0.3228, -0.0073 1.6913 0.3228, -0.0172 1.6882 0.3228, -0.0066 1.6894 0.3228, -0.016 1.6848 0.3228, -0.0139 1.6817 0.3228, 0.0076 1.7359 0.3189, -0.0013 1.735 0.3189, -0.0089 1.7324 0.3189, -0.0121 1.7306 0.3189, -0.0121 1.7209 0.3189, -0.0055 1.7251 0.3189, 0.0008 1.7272 0.3189, 0.0066 1.7278 0.3189, 0.01 1.7274 0.3189, 0.0123 1.7266 0.3189, 0.0141 1.7255 0.3189, 0.0156 1.7239 0.3189, 0.0168 1.7218 0.3189, 0.0179 1.7182 0.3189, 0.0182 1.7138 0.3189, 0.0013 1.7114 0.3189, -0.0068 1.7094 0.3189, -0.0109 1.7072 0.3189, -0.0139 1.7045 0.3189, -0.016 1.7012 0.3189, -0.0172 1.6976 0.3189, -0.0177 1.6927 0.3189, -0.0172 1.6882 0.3189, -0.016 1.6848 0.3189, -0.0139 1.6817 0.3189, -0.0128 1.6806 0.3189, 0.0004 1.6761 0.3189, -0.0054 1.6768 0.3189, -0.0056 1.6768 0.3189, -0.0094 1.6782 0.3189, 0.0056 1.6767 0.3189, 0.0059 1.6768 0.3189, 0.0097 1.6781 0.3189, 0.0132 1.6805 0.3189, 0.0164 1.6839 0.3189, 0.0179 1.6863 0.3189, 0.0182 1.6863 0.3189, 0.0182 1.6774 0.3189, 0.0282 1.6774 0.3189, 0.0282 1.7142 0.3189, 0.0273 1.7224 0.3189, 0.0257 1.7268 0.3189, 0.0236 1.7299 0.3189, 0.0213 1.7321 0.3189, 0.018 1.734 0.3189, 0.0138 1.7353 0.3189, -0.0049 1.7008 0.3189, -0.0035 1.7018 0.3189, -0.0011 1.703 0.3189, 0.0048 1.7043 0.3189, -0.0075 1.6936 0.3189, -0.0075 1.6952 0.3189, -0.007 1.6975 0.3189, -0.0061 1.6993 0.3189, -0.0046 1.6869 0.3189, -0.0055 1.6877 0.3189, -0.0066 1.6894 0.3189, -0.0073 1.6913 0.3189, 0.003 1.6843 0.3189, -0.0004 1.6847 0.3189, -0.0026 1.6855 0.3189, 0.0139 1.689 0.3189, 0.0126 1.6877 0.3189, 0.0098 1.6858 0.3189, 0.0068 1.6847 0.3189, 0.0182 1.7006 0.3189, 0.0182 1.7 0.3189, 0.0175 1.6955 0.3189, 0.0161 1.6919 0.3189, 0.0182 1.7061 0.3189
            ]
        }
        coordIndex [
            0,1,2,-1,2,1,3,-1,4,5,6,-1,6,5,0,-1,6,0,2,-1,7,5,8,-1,8,5,4,-1,9,7,10,-1,10,7,8,-1,11,9,12,-1,12,9,10,-1,13,11,14,-1,14,11,12,-1,15,16,17,-1,17,16,13,-1,17,13,14,-1,18,16,19,-1,19,16,15,-1,20,18,21,-1,21,18,19,-1,22,20,23,-1,23,20,21,-1,24,25,26,-1,26,25,22,-1,26,22,23,-1,3,1,27,-1,27,1,25,-1,27,25,24,-1,25,1,0,-1,0,5,25,-1,25,5,7,-1,25,7,22,-1,18,20,16,-1,16,20,22,-1,16,22,13,-1,13,22,7,-1,13,7,11,-1,11,7,9,-1,28,29,30,-1,30,29,31,-1,32,33,34,-1,35,36,31,-1,31,36,37,-1,34,35,32,-1,32,35,31,-1,32,31,38,-1,38,31,39,-1,38,39,40,-1,40,39,41,-1,40,41,42,-1,42,41,43,-1,42,43,44,-1,44,43,45,-1,44,45,46,-1,46,45,47,-1,46,47,48,-1,48,47,49,-1,48,49,50,-1,50,49,51,-1,50,51,52,-1,52,51,53,-1,52,53,54,-1,54,53,55,-1,54,55,56,-1,56,55,57,-1,37,58,31,-1,31,58,59,-1,31,59,30,-1,30,59,60,-1,30,60,61,-1,61,60,62,-1,61,62,63,-1,63,62,64,-1,63,64,65,-1,65,64,66,-1,65,66,67,-1,67,66,68,-1,67,68,69,-1,69,68,70,-1,69,70,71,-1,71,70,72,-1,71,72,73,-1,73,72,74,-1,73,74,75,-1,75,74,76,-1,75,76,77,-1,77,76,78,-1,32,79,33,-1,33,79,80,-1,33,80,81,-1,81,80,82,-1,81,82,83,-1,83,82,84,-1,83,84,85,-1,85,84,86,-1,85,86,87,-1,87,86,88,-1,87,88,89,-1,89,88,90,-1,89,90,91,-1,91,90,92,-1,91,92,93,-1,93,92,94,-1,93,94,78,-1,78,94,95,-1,78,95,77,-1,51,96,97,-1,51,97,53,-1,53,97,98,-1,53,98,55,-1,55,98,99,-1,55,99,57,-1,56,57,100,-1,100,57,99,-1,56,100,101,-1,56,101,54,-1,54,101,102,-1,54,102,52,-1,52,102,103,-1,52,103,50,-1,50,103,104,-1,50,104,48,-1,48,104,105,-1,48,105,46,-1,46,105,106,-1,46,106,44,-1,44,106,107,-1,44,107,42,-1,42,107,108,-1,42,108,40,-1,40,108,109,-1,40,109,38,-1,38,109,110,-1,38,110,32,-1,79,32,111,-1,111,32,110,-1,79,111,112,-1,79,112,80,-1,80,112,113,-1,80,113,82,-1,82,113,114,-1,82,114,84,-1,84,114,115,-1,84,115,86,-1,86,115,116,-1,86,116,88,-1,88,116,117,-1,88,117,90,-1,90,117,118,-1,90,118,92,-1,92,118,119,-1,92,119,94,-1,94,119,120,-1,94,120,95,-1,95,120,121,-1,95,121,77,-1,122,71,123,-1,123,71,73,-1,123,73,124,-1,124,73,75,-1,124,75,125,-1,125,75,77,-1,125,77,121,-1,71,122,126,-1,71,126,69,-1,69,126,127,-1,69,127,67,-1,127,128,67,-1,67,128,129,-1,67,129,65,-1,65,129,130,-1,65,130,63,-1,63,130,131,-1,63,131,61,-1,30,61,132,-1,132,61,131,-1,28,30,133,-1,133,30,132,-1,29,28,134,-1,134,28,133,-1,31,29,135,-1,135,29,134,-1,31,135,136,-1,31,136,39,-1,39,136,137,-1,39,137,41,-1,41,137,138,-1,41,138,43,-1,43,138,139,-1,43,139,45,-1,45,139,140,-1,45,140,47,-1,47,140,141,-1,47,141,49,-1,49,141,96,-1,49,96,51,-1,81,142,143,-1,81,143,33,-1,33,143,144,-1,33,144,34,-1,34,144,145,-1,34,145,35,-1,89,146,147,-1,89,147,87,-1,87,147,148,-1,87,148,85,-1,85,148,149,-1,85,149,83,-1,83,149,142,-1,83,142,81,-1,76,150,151,-1,76,151,78,-1,78,151,152,-1,78,152,93,-1,93,152,153,-1,93,153,91,-1,91,153,146,-1,91,146,89,-1,70,154,155,-1,70,155,72,-1,72,155,156,-1,72,156,74,-1,74,156,150,-1,74,150,76,-1,62,157,158,-1,62,158,64,-1,64,158,159,-1,64,159,66,-1,66,159,160,-1,66,160,68,-1,68,160,154,-1,68,154,70,-1,37,161,162,-1,37,162,58,-1,58,162,163,-1,58,163,59,-1,59,163,164,-1,59,164,60,-1,60,164,157,-1,60,157,62,-1,37,36,161,-1,161,36,165,-1,36,35,165,-1,165,35,145,-1,
        ]
    }
}
Shape{
    appearance Appearance {
        material  Material 	{
            diffuseColor 0.0 0.5019607843137255 0.0
            specularColor 0.0 0.25098039215686274 0.0
            ambientIntensity 0.2947
            transparency 0.0
            shininess 0.5
        }
    }
    geometry IndexedFaceSet {
        ccw TRUE
        solid FALSE
        coord DEF co Coordinate {
            point [
                0.0182 1.7061 0.3189, 0.0048 1.7043 0.3189, 0.0182 1.7006 0.3189, -0.0011 1.703 0.3189, -0.0035 1.7018 0.3189, -0.0049 1.7008 0.3189, 0.0182 1.7 0.3189, 0.0175 1.6955 0.3189, -0.0061 1.6993 0.3189, 0.0161 1.6919 0.3189, -0.0055 1.6877 0.3189, -0.0046 1.6869 0.3189, 0.0126 1.6877 0.3189, -0.0066 1.6894 0.3189, 0.0098 1.6858 0.3189, 0.0068 1.6847 0.3189, 0.003 1.6843 0.3189, -0.007 1.6975 0.3189, -0.0075 1.6952 0.3189, 0.0139 1.689 0.3189, -0.0075 1.6936 0.3189, -0.0073 1.6913 0.3189, -0.0026 1.6855 0.3189, -0.0004 1.6847 0.3189
            ]
        }
        coordIndex [
            0,1,2,-1,2,1,3,-1,3,4,2,-1,2,4,5,-1,2,5,6,-1,6,5,7,-1,7,5,8,-1,7,8,9,-1,10,11,12,-1,10,12,13,-1,14,12,15,-1,15,12,16,-1,8,17,9,-1,9,17,18,-1,9,18,19,-1,19,18,20,-1,19,20,12,-1,12,20,21,-1,12,21,13,-1,11,22,12,-1,12,22,23,-1,12,23,16,-1,
        ]
    }
}
Shape{
    appearance Appearance {
        material  Material 	{
            diffuseColor 0.0 0.0 0.0
            specularColor 0.0 0.0 0.0
            ambientIntensity 0.0
            transparency 0.0
            shininess 0.5
        }
    }
    geometry IndexedFaceSet {
        ccw TRUE
        solid FALSE
        coord DEF co Coordinate {
            point [
                0.0418 1.6898 0.3189, 0.0418 1.6898 0.3228, 0.0452 1.6877 0.3228, 0.0583 1.6843 0.3228, 0.0583 1.6843 0.3189, 0.0514 1.6852 0.3189, 0.0514 1.6852 0.3228, 0.0465 1.6872 0.3189, 0.0452 1.6877 0.3189, 0.0418 1.6794 0.3228, 0.0418 1.6794 0.3189, 0.0487 1.677 0.3228, 0.0465 1.6778 0.3189, 0.0573 1.6761 0.3189, 0.0573 1.6761 0.3228, 0.051 1.6768 0.3189, 0.0487 1.677 0.3189, 0.0636 1.6768 0.3189, 0.0658 1.677 0.3228, 0.0658 1.677 0.3189, 0.0712 1.6789 0.3189, 0.0712 1.6789 0.3228, 0.074 1.6806 0.3189, 0.074 1.6806 0.3228, 0.0769 1.6831 0.3189, 0.0769 1.6831 0.3228, 0.0787 1.6858 0.3189, 0.0787 1.6858 0.3228, 0.08 1.689 0.3189, 0.08 1.689 0.3228, 0.0804 1.693 0.3189, 0.0804 1.693 0.3228, 0.08 1.6967 0.3189, 0.08 1.6967 0.3228, 0.079 1.6997 0.3189, 0.079 1.6997 0.3228, 0.0771 1.7024 0.3189, 0.0771 1.7024 0.3228, 0.0747 1.7046 0.3189, 0.0747 1.7046 0.3228, 0.068 1.7083 0.3189, 0.068 1.7083 0.3228, 0.0642 1.7099 0.3189, 0.0642 1.7099 0.3228, 0.0579 1.7126 0.3189, 0.0579 1.7126 0.3228, 0.0544 1.7148 0.3189, 0.0544 1.7148 0.3228, 0.0534 1.7158 0.3189, 0.0534 1.7158 0.3228, 0.0527 1.7172 0.3189, 0.0527 1.7172 0.3228, 0.0523 1.7188 0.3189, 0.0523 1.7188 0.3228, 0.0522 1.7201 0.3189, 0.0522 1.7201 0.3228, 0.0524 1.7217 0.3189, 0.0524 1.7217 0.3228, 0.0529 1.723 0.3189, 0.0529 1.723 0.3228, 0.0538 1.7243 0.3189, 0.0538 1.7243 0.3228, 0.0553 1.7257 0.3189, 0.0553 1.7257 0.3228, 0.0575 1.7269 0.3189, 0.0575 1.7269 0.3228, 0.0602 1.7276 0.3189, 0.0602 1.7276 0.3228, 0.0632 1.7278 0.3189, 0.0632 1.7278 0.3228, 0.0703 1.7269 0.3189, 0.0703 1.7269 0.3228, 0.076 1.7247 0.3189, 0.076 1.7247 0.3228, 0.0777 1.7237 0.3189, 0.0777 1.7237 0.3228, 0.0777 1.7334 0.3228, 0.0777 1.7334 0.3189, 0.0704 1.7354 0.3189, 0.0704 1.7354 0.3228, 0.0642 1.7359 0.3189, 0.0642 1.7359 0.3228, 0.0564 1.735 0.3189, 0.0564 1.735 0.3228, 0.0509 1.733 0.3189, 0.0509 1.733 0.3228, 0.0483 1.7314 0.3189, 0.0483 1.7314 0.3228, 0.0465 1.7297 0.3189, 0.0453 1.7287 0.3228, 0.0453 1.7287 0.3189, 0.0435 1.726 0.3189, 0.0435 1.726 0.3228, 0.0423 1.7228 0.3189, 0.0423 1.7228 0.3228, 0.0419 1.7192 0.3189, 0.0419 1.7192 0.3228, 0.0423 1.7153 0.3189, 0.0423 1.7153 0.3228, 0.0434 1.7122 0.3189, 0.0434 1.7122 0.3228, 0.0447 1.7101 0.3189, 0.0447 1.7101 0.3228, 0.0571 1.7026 0.3189, 0.0571 1.7026 0.3228, 0.0511 1.7053 0.3228, 0.0464 1.7084 0.3189, 0.0464 1.7084 0.3228, 0.0465 1.7084 0.3189, 0.0511 1.7053 0.3189, 0.0637 1.6998 0.3189, 0.0637 1.6998 0.3228, 0.0676 1.6975 0.3189, 0.0676 1.6975 0.3228, 0.0688 1.6962 0.3189, 0.0688 1.6962 0.3228, 0.0696 1.6948 0.3189, 0.0696 1.6948 0.3228, 0.0701 1.6933 0.3189, 0.0701 1.6933 0.3228, 0.0702 1.692 0.3189, 0.0702 1.692 0.3228, 0.0699 1.6901 0.3189, 0.0699 1.6901 0.3228, 0.0694 1.6887 0.3189, 0.0694 1.6887 0.3228, 0.0686 1.6874 0.3189, 0.0686 1.6874 0.3228, 0.0674 1.6864 0.3189, 0.0674 1.6864 0.3228, 0.0665 1.6858 0.3189, 0.0665 1.6858 0.3228, 0.0639 1.6849 0.3189, 0.0639 1.6849 0.3228, 0.0588 1.6843 0.3189, 0.0588 1.6843 0.3228, 0.1302 1.7346 0.3228, 0.1406 1.7346 0.3228, 0.1302 1.7346 0.3189, 0.1406 1.7346 0.3189, 0.1145 1.6916 0.3228, 0.1145 1.6916 0.3189, 0.1138 1.6889 0.3189, 0.1138 1.6889 0.3228, 0.1133 1.6869 0.3189, 0.1133 1.6869 0.3228, 0.1131 1.6869 0.3228, 0.1131 1.6869 0.3189, 0.1118 1.6916 0.3228, 0.1118 1.6916 0.3189, 0.0969 1.7346 0.3189, 0.0969 1.7346 0.3228, 0.1017 1.7207 0.3189, 0.0857 1.7346 0.3228, 0.0857 1.7346 0.3189, 0.1081 1.6776 0.3189, 0.1081 1.6776 0.3228, 0.1017 1.6938 0.3189, 0.1037 1.6672 0.3189, 0.1037 1.6672 0.3228, 0.1078 1.6768 0.3189, 0.1017 1.6636 0.3189, 0.1017 1.6636 0.3228, 0.1017 1.6635 0.3189, 0.0999 1.6615 0.3228, 0.0999 1.6615 0.3189, 0.098 1.6602 0.3189, 0.098 1.6602 0.3228, 0.0958 1.6594 0.3189, 0.0958 1.6594 0.3228, 0.0934 1.6591 0.3189, 0.0934 1.6591 0.3228, 0.0898 1.6596 0.3189, 0.0898 1.6596 0.3228, 0.0877 1.6602 0.3189, 0.0877 1.6602 0.3228, 0.0877 1.6513 0.3228, 0.0877 1.6513 0.3189, 0.092 1.6506 0.3189, 0.092 1.6506 0.3228, 0.0942 1.6505 0.3189, 0.0942 1.6505 0.3228, 0.0983 1.651 0.3189, 0.0983 1.651 0.3228, 0.1017 1.6523 0.3189, 0.1022 1.6525 0.3228, 0.1022 1.6525 0.3189, 0.1057 1.6549 0.3189, 0.1057 1.6549 0.3228, 0.1064 1.6555 0.3189, 0.1064 1.6555 0.3228, 0.1101 1.66 0.3189, 0.1101 1.66 0.3228, 0.1146 1.6688 0.3189, 0.1146 1.6688 0.3228, 0.1177 1.6768 0.3189, 0.1944 1.6866 0.3228, 0.1944 1.6774 0.3228, 0.1944 1.6866 0.3189, 0.1944 1.6774 0.3189, 0.1617 1.6866 0.3228, 0.1617 1.6866 0.3189, 0.1617 1.7135 0.3228, 0.1617 1.7135 0.3189, 0.1903 1.7135 0.3228, 0.1903 1.7135 0.3189, 0.1903 1.7227 0.3228, 0.1903 1.7227 0.3189, 0.1617 1.7227 0.3228, 0.1617 1.7227 0.3189, 0.1617 1.7483 0.3189, 0.1617 1.7483 0.3228, 0.1617 1.7467 0.3189, 0.1926 1.7483 0.3228, 0.1926 1.7483 0.3189, 0.1926 1.7575 0.3228, 0.1926 1.7575 0.3189, 0.1514 1.7575 0.3228, 0.1514 1.7575 0.3189, 0.1514 1.6774 0.3189, 0.1514 1.6774 0.3228, 0.1514 1.7467 0.3189, 0.2627 1.6887 0.3228, 0.2681 1.6949 0.3228, 0.2595 1.7002 0.3228, 0.2622 1.7062 0.3228, 0.2723 1.7031 0.3228, 0.2637 1.7137 0.3228, 0.2744 1.7123 0.3228, 0.2639 1.7182 0.3228, 0.2747 1.7185 0.3228, 0.263 1.7271 0.3228, 0.2734 1.7294 0.3228, 0.2608 1.7333 0.3228, 0.2705 1.7371 0.3228, 0.2579 1.7379 0.3228, 0.2656 1.7441 0.3228, 0.2551 1.7408 0.3228, 0.2627 1.7469 0.3228, 0.2492 1.7447 0.3228, 0.2556 1.7519 0.3228, 0.2422 1.7472 0.3228, 0.2461 1.7558 0.3228, 0.2341 1.7575 0.3228, 0.232 1.7483 0.3228, 0.2324 1.7575 0.3228, 0.2199 1.7483 0.3228, 0.2096 1.7575 0.3228, 0.2199 1.6866 0.3228, 0.2096 1.6774 0.3228, 0.2315 1.6866 0.3228, 0.2316 1.6774 0.3228, 0.2409 1.6875 0.3228, 0.245 1.6791 0.3228, 0.248 1.6898 0.3228, 0.2542 1.6826 0.3228, 0.2534 1.6932 0.3228, 0.2553 1.6949 0.3228, 0.2316 1.6774 0.3189, 0.2096 1.6774 0.3189, 0.245 1.6791 0.3189, 0.2542 1.6826 0.3189, 0.2627 1.6887 0.3189, 0.2681 1.6949 0.3189, 0.2723 1.7031 0.3189, 0.2744 1.7123 0.3189, 0.2747 1.7185 0.3189, 0.2627 1.7469 0.3189, 0.2629 1.7467 0.3189, 0.2656 1.7441 0.3189, 0.2705 1.7371 0.3189, 0.2734 1.7294 0.3189, 0.2556 1.7519 0.3189, 0.2461 1.7558 0.3189, 0.2341 1.7575 0.3189, 0.2324 1.7575 0.3189, 0.2096 1.7575 0.3189, 0.2096 1.7467 0.3189, 0.232 1.7483 0.3189, 0.2199 1.7483 0.3189, 0.2199 1.6866 0.3189, 0.2315 1.6866 0.3189, 0.2553 1.6949 0.3189, 0.2534 1.6932 0.3189, 0.248 1.6898 0.3189, 0.2409 1.6875 0.3189, 0.2639 1.7182 0.3189, 0.2637 1.7137 0.3189, 0.2622 1.7062 0.3189, 0.2595 1.7002 0.3189, 0.2551 1.7408 0.3189, 0.2579 1.7379 0.3189, 0.2608 1.7333 0.3189, 0.263 1.7271 0.3189, 0.2422 1.7472 0.3189, 0.2492 1.7447 0.3189
            ]
        }
        coordIndex [
            0,1,2,-1,3,4,5,-1,3,5,6,-1,6,5,7,-1,6,7,2,-1,2,7,8,-1,2,8,0,-1,9,1,10,-1,10,1,0,-1,9,10,11,-1,11,10,12,-1,13,14,15,-1,15,14,11,-1,15,11,16,-1,16,11,12,-1,13,17,14,-1,14,17,18,-1,17,19,18,-1,18,19,20,-1,18,20,21,-1,21,20,22,-1,21,22,23,-1,23,22,24,-1,23,24,25,-1,25,24,26,-1,25,26,27,-1,27,26,28,-1,27,28,29,-1,29,28,30,-1,29,30,31,-1,31,30,32,-1,31,32,33,-1,33,32,34,-1,33,34,35,-1,35,34,36,-1,35,36,37,-1,37,36,38,-1,37,38,39,-1,39,38,40,-1,39,40,41,-1,41,40,42,-1,41,42,43,-1,43,42,44,-1,43,44,45,-1,45,44,46,-1,45,46,47,-1,47,46,48,-1,47,48,49,-1,49,48,50,-1,49,50,51,-1,51,50,52,-1,51,52,53,-1,53,52,54,-1,53,54,55,-1,55,54,56,-1,55,56,57,-1,57,56,58,-1,57,58,59,-1,59,58,60,-1,59,60,61,-1,61,60,62,-1,61,62,63,-1,63,62,64,-1,63,64,65,-1,65,64,66,-1,65,66,67,-1,67,66,68,-1,67,68,69,-1,69,68,70,-1,69,70,71,-1,71,70,72,-1,71,72,73,-1,73,72,74,-1,73,74,75,-1,76,75,77,-1,77,75,74,-1,76,77,78,-1,76,78,79,-1,79,78,80,-1,79,80,81,-1,81,80,82,-1,81,82,83,-1,83,82,84,-1,83,84,85,-1,85,84,86,-1,85,86,87,-1,86,88,87,-1,87,88,89,-1,88,90,89,-1,89,90,91,-1,89,91,92,-1,92,91,93,-1,92,93,94,-1,94,93,95,-1,94,95,96,-1,96,95,97,-1,96,97,98,-1,98,97,99,-1,98,99,100,-1,100,99,101,-1,100,101,102,-1,103,104,105,-1,102,101,106,-1,102,106,107,-1,107,106,108,-1,107,108,105,-1,105,108,109,-1,105,109,103,-1,104,103,110,-1,104,110,111,-1,111,110,112,-1,111,112,113,-1,113,112,114,-1,113,114,115,-1,115,114,116,-1,115,116,117,-1,117,116,118,-1,117,118,119,-1,119,118,120,-1,119,120,121,-1,121,120,122,-1,121,122,123,-1,123,122,124,-1,123,124,125,-1,125,124,126,-1,125,126,127,-1,127,126,128,-1,127,128,129,-1,129,128,130,-1,129,130,131,-1,131,130,132,-1,131,132,133,-1,133,132,134,-1,133,134,135,-1,135,134,4,-1,135,4,3,-1,61,63,85,-1,85,63,83,-1,111,43,104,-1,104,43,45,-1,14,3,11,-1,11,3,6,-1,11,6,9,-1,9,6,2,-1,9,2,1,-1,63,65,83,-1,83,65,67,-1,83,67,81,-1,81,67,69,-1,81,69,79,-1,79,69,71,-1,79,71,76,-1,76,71,73,-1,76,73,75,-1,21,23,127,-1,127,23,25,-1,127,25,125,-1,125,25,27,-1,125,27,123,-1,123,27,29,-1,123,29,121,-1,121,29,31,-1,121,31,119,-1,119,31,33,-1,119,33,117,-1,117,33,35,-1,117,35,115,-1,115,35,37,-1,115,37,113,-1,113,37,39,-1,113,39,111,-1,111,39,41,-1,111,41,43,-1,127,129,21,-1,21,129,131,-1,21,131,18,-1,18,131,133,-1,18,133,14,-1,14,133,135,-1,14,135,3,-1,85,87,61,-1,61,87,89,-1,61,89,59,-1,59,89,92,-1,59,92,57,-1,57,92,94,-1,57,94,55,-1,55,94,96,-1,55,96,53,-1,53,96,98,-1,53,98,51,-1,51,98,100,-1,51,100,49,-1,49,100,102,-1,49,102,47,-1,47,102,107,-1,47,107,45,-1,45,107,105,-1,45,105,104,-1,136,137,138,-1,138,137,139,-1,140,136,141,-1,141,136,138,-1,140,141,142,-1,140,142,143,-1,143,142,144,-1,143,144,145,-1,146,145,147,-1,147,145,144,-1,148,146,149,-1,149,146,147,-1,150,151,152,-1,152,151,148,-1,152,148,149,-1,153,151,154,-1,154,151,150,-1,155,156,157,-1,157,156,153,-1,157,153,154,-1,158,159,160,-1,160,159,156,-1,160,156,155,-1,159,158,161,-1,159,161,162,-1,162,161,163,-1,162,163,164,-1,163,165,164,-1,164,165,166,-1,164,166,167,-1,167,166,168,-1,167,168,169,-1,169,168,170,-1,169,170,171,-1,171,170,172,-1,171,172,173,-1,173,172,174,-1,173,174,175,-1,176,175,177,-1,177,175,174,-1,176,177,178,-1,176,178,179,-1,179,178,180,-1,179,180,181,-1,181,180,182,-1,181,182,183,-1,183,182,184,-1,183,184,185,-1,184,186,185,-1,185,186,187,-1,185,187,188,-1,188,187,189,-1,188,189,190,-1,190,189,191,-1,190,191,192,-1,192,191,193,-1,192,193,194,-1,139,137,195,-1,195,137,194,-1,195,194,193,-1,143,145,194,-1,137,136,194,-1,194,136,140,-1,194,140,143,-1,151,153,148,-1,148,153,156,-1,148,156,146,-1,192,162,190,-1,190,162,164,-1,175,176,173,-1,173,176,179,-1,173,179,171,-1,171,179,181,-1,171,181,169,-1,169,181,183,-1,169,183,167,-1,167,183,185,-1,167,185,164,-1,164,185,188,-1,164,188,190,-1,145,146,194,-1,194,146,156,-1,194,156,192,-1,192,156,159,-1,192,159,162,-1,196,197,198,-1,198,197,199,-1,200,196,201,-1,201,196,198,-1,202,200,203,-1,203,200,201,-1,204,202,205,-1,205,202,203,-1,206,204,207,-1,207,204,205,-1,208,206,209,-1,209,206,207,-1,210,211,212,-1,212,211,208,-1,212,208,209,-1,213,211,214,-1,214,211,210,-1,215,213,216,-1,216,213,214,-1,217,215,218,-1,218,215,216,-1,219,220,221,-1,221,220,217,-1,221,217,218,-1,197,220,199,-1,199,220,219,-1,220,197,196,-1,196,200,220,-1,220,200,202,-1,220,202,217,-1,213,215,211,-1,211,215,217,-1,211,217,208,-1,208,217,202,-1,208,202,206,-1,206,202,204,-1,222,223,224,-1,224,223,225,-1,225,223,226,-1,225,226,227,-1,227,226,228,-1,227,228,229,-1,229,228,230,-1,229,230,231,-1,231,230,232,-1,231,232,233,-1,233,232,234,-1,233,234,235,-1,235,234,236,-1,235,236,237,-1,237,236,238,-1,237,238,239,-1,239,238,240,-1,239,240,241,-1,240,242,241,-1,241,242,243,-1,241,243,244,-1,244,243,245,-1,244,245,246,-1,246,245,247,-1,246,247,248,-1,248,247,249,-1,248,249,250,-1,250,249,251,-1,250,251,252,-1,252,251,253,-1,252,253,254,-1,254,253,255,-1,254,255,256,-1,256,255,222,-1,256,222,257,-1,257,222,224,-1,251,249,258,-1,258,249,259,-1,251,258,260,-1,251,260,253,-1,253,260,261,-1,253,261,255,-1,255,261,262,-1,255,262,222,-1,222,262,263,-1,222,263,223,-1,223,263,264,-1,223,264,226,-1,226,264,265,-1,226,265,228,-1,228,265,266,-1,228,266,230,-1,267,238,268,-1,268,238,236,-1,268,236,269,-1,269,236,234,-1,269,234,270,-1,270,234,232,-1,270,232,271,-1,271,232,230,-1,271,230,266,-1,238,267,272,-1,238,272,240,-1,240,272,273,-1,240,273,242,-1,242,273,274,-1,242,274,243,-1,243,274,275,-1,243,275,245,-1,247,245,276,-1,276,245,275,-1,259,249,277,-1,277,249,247,-1,277,247,276,-1,244,246,278,-1,278,246,279,-1,246,248,279,-1,279,248,280,-1,248,250,280,-1,280,250,281,-1,257,282,283,-1,257,283,256,-1,256,283,284,-1,256,284,254,-1,254,284,285,-1,254,285,252,-1,252,285,281,-1,252,281,250,-1,229,286,287,-1,229,287,227,-1,227,287,288,-1,227,288,225,-1,225,288,289,-1,225,289,224,-1,224,289,282,-1,224,282,257,-1,237,290,291,-1,237,291,235,-1,235,291,292,-1,235,292,233,-1,233,292,293,-1,233,293,231,-1,231,293,286,-1,231,286,229,-1,244,278,294,-1,244,294,241,-1,241,294,295,-1,241,295,239,-1,239,295,290,-1,239,290,237,-1,
        ]
    }
}
Shape{
    appearance Appearance {
        material  Material 	{
            diffuseColor 0.0 0.5019607843137255 0.0
            specularColor 0.0 0.25098039215686274 0.0
            ambientIntensity 0.2947
            transparency 0.0
            shininess 0.5
        }
    }
    geometry IndexedFaceSet {
        ccw TRUE
        solid FALSE
        coord DEF co Coordinate {
            point [
                0.2199 1.7483 0.3189, 0.2199 1.6866 0.3189, 0.232 1.7483 0.3189, 0.2315 1.6866 0.3189, 0.2639 1.7182 0.3189, 0.263 1.7271 0.3189, 0.2608 1.7333 0.3189, 0.2579 1.7379 0.3189, 0.2551 1.7408 0.3189, 0.2637 1.7137 0.3189, 0.2409 1.6875 0.3189, 0.248 1.6898 0.3189, 0.2534 1.6932 0.3189, 0.2553 1.6949 0.3189, 0.2622 1.7062 0.3189, 0.2595 1.7002 0.3189, 0.2492 1.7447 0.3189, 0.2422 1.7472 0.3189
            ]
        }
        coordIndex [
            0,1,2,-1,2,1,3,-1,3,4,5,-1,5,6,3,-1,3,6,7,-1,3,7,8,-1,4,3,9,-1,9,3,10,-1,9,10,11,-1,11,12,9,-1,9,12,13,-1,9,13,14,-1,14,13,15,-1,8,16,3,-1,3,16,17,-1,3,17,2,-1,
        ]
    }
}
Shape{
    appearance Appearance {
        material  Material 	{
            diffuseColor 0.0 0.0 0.0
            specularColor 0.0 0.0 0.0
            ambientIntensity 0.0
            transparency 0.0
            shininess 0.5
        }
    }
    geometry IndexedFaceSet {
        ccw TRUE
        solid FALSE
        coord DEF co Coordinate {
            point [
                0.3016 1.7084 0.3228, 0.2983 1.6993 0.3228, 0.3285 1.7084 0.3228, 0.3316 1.6993 0.3228, 0.3136 1.7417 0.3228, 0.3097 1.7575 0.3228, 0.2792 1.6774 0.3228, 0.2906 1.6774 0.3228, 0.3142 1.7441 0.3228, 0.3149 1.7473 0.3228, 0.3207 1.7575 0.3228, 0.3151 1.7473 0.3228, 0.3158 1.7439 0.3228, 0.3164 1.7417 0.3228, 0.3512 1.6774 0.3228, 0.3398 1.6774 0.3228, 0.3512 1.6774 0.3189, 0.3248 1.7467 0.3189, 0.3207 1.7575 0.3189, 0.3097 1.7575 0.3189, 0.2792 1.6774 0.3189, 0.3056 1.7467 0.3189, 0.2906 1.6774 0.3189, 0.2983 1.6993 0.3189, 0.3316 1.6993 0.3189, 0.3398 1.6774 0.3189, 0.3016 1.7084 0.3189, 0.3285 1.7084 0.3189, 0.3164 1.7417 0.3189, 0.3151 1.7473 0.3189, 0.3158 1.7439 0.3189, 0.3149 1.7473 0.3189, 0.3136 1.7417 0.3189, 0.3142 1.7441 0.3189
            ]
        }
        coordIndex [
            0,1,2,-1,2,1,3,-1,4,5,0,-1,0,5,6,-1,0,6,1,-1,1,6,7,-1,4,8,5,-1,5,8,9,-1,5,9,10,-1,10,9,11,-1,10,11,12,-1,12,13,10,-1,10,13,2,-1,10,2,14,-1,14,2,3,-1,14,3,15,-1,14,16,10,-1,10,16,17,-1,10,17,18,-1,5,10,19,-1,19,10,18,-1,20,6,21,-1,21,6,5,-1,21,5,19,-1,7,6,22,-1,22,6,20,-1,1,7,23,-1,23,7,22,-1,3,1,24,-1,24,1,23,-1,15,3,25,-1,25,3,24,-1,14,15,16,-1,16,15,25,-1,0,2,26,-1,26,2,27,-1,2,13,27,-1,27,13,28,-1,11,29,30,-1,11,30,12,-1,12,30,28,-1,12,28,13,-1,11,9,29,-1,29,9,31,-1,4,32,33,-1,4,33,8,-1,8,33,31,-1,8,31,9,-1,4,0,32,-1,32,0,26,-1,
        ]
    }
}
Shape{
    appearance Appearance {
        material  Material 	{
            diffuseColor 0.0 0.5019607843137255 0.0
            specularColor 0.0 0.25098039215686274 0.0
            ambientIntensity 0.2947
            transparency 0.0
            shininess 0.5
        }
    }
    geometry IndexedFaceSet {
        ccw TRUE
        solid FALSE
        coord DEF co Coordinate {
            point [
                0.3151 1.7473 0.3189, 0.3149 1.7473 0.3189, 0.3158 1.7439 0.3189, 0.3142 1.7441 0.3189, 0.3164 1.7417 0.3189, 0.3136 1.7417 0.3189, 0.3285 1.7084 0.3189, 0.3016 1.7084 0.3189
            ]
        }
        coordIndex [
            0,1,2,-1,2,1,3,-1,2,3,4,-1,4,3,5,-1,4,5,6,-1,6,5,7,-1,
        ]
    }
}
Shape{
    appearance Appearance {
        material  Material 	{
            diffuseColor 0.0 0.0 0.0
            specularColor 0.0 0.0 0.0
            ambientIntensity 0.0
            transparency 0.0
            shininess 0.5
        }
    }
    geometry IndexedFaceSet {
        ccw TRUE
        solid FALSE
        coord DEF co Coordinate {
            point [
                -0.424 1.6661 0.3228, -0.4155 1.6556 0.3228, -0.4291 1.7164 0.3228, -0.4391 1.8153 0.3228, -0.4264 1.8221 0.3228, -0.4294 1.8571 0.3228, -0.3938 1.8588 0.3228, -0.3762 1.8172 0.3228, -0.3675 1.8352 0.3228, -0.4416 1.7241 0.3228, -0.4369 1.6805 0.3228, -0.4297 1.6783 0.3228, -0.4069 1.8599 0.3228, -0.3715 1.7176 0.3228, -0.3662 1.7157 0.3228, -0.3187 1.7022 0.3228, -0.3616 1.7126 0.3228, -0.3579 1.7086 0.3228, -0.239 1.7443 0.3228, -0.2566 1.7745 0.3228, -0.3329 1.7347 0.3228, -0.3762 1.7181 0.3228, -0.3818 1.7174 0.3228, -0.3892 1.7523 0.3228, -0.3867 1.7155 0.3228, -0.4018 1.7475 0.3228, -0.3912 1.7123 0.3228, -0.4135 1.7394 0.3228, -0.3934 1.7099 0.3228, -0.4229 1.7287 0.3228, -0.3964 1.7052 0.3228, -0.3981 1.6999 0.3228, -0.3983 1.6943 0.3228, -0.355 1.7502 0.3228, -0.3687 1.7536 0.3228, -0.3756 1.754 0.3228, -0.3554 1.7039 0.3228, -0.3541 1.6986 0.3228, -0.3187 1.6965 0.3228, -0.3541 1.6934 0.3228, -0.319 1.6905 0.3228, -0.2202 1.8007 0.3228, -0.2157 1.8007 0.3228, -0.1923 1.8314 0.3228, -0.2048 1.7994 0.3228, -0.1895 1.8305 0.3228, -0.1949 1.7955 0.3228, -0.1726 1.8221 0.3228, -0.1572 1.809 0.3228, -0.3822 1.8724 0.3228, -0.3547 1.8505 0.3228, -0.3688 1.8838 0.3228, -0.3395 1.8616 0.3228, -0.3549 1.8924 0.3228, -0.4124 1.8254 0.3228, -0.4064 1.8257 0.3228, -0.4004 1.8595 0.3228, -0.3929 1.8241 0.3228, -0.3802 1.8194 0.3228, -0.3429 1.7437 0.3228, -0.157 1.7028 0.3228, -0.1835 1.7254 0.3228, -0.1725 1.6897 0.3228, -0.1919 1.7185 0.3228, -0.1899 1.6812 0.3228, -0.202 1.7139 0.3228, -0.2088 1.6772 0.3228, -0.2122 1.7119 0.3228, -0.2424 1.6772 0.3228, -0.2379 1.7119 0.3228, -0.2456 1.6777 0.3228, -0.3973 1.689 0.3228, -0.395 1.6842 0.3228, -0.186 1.7893 0.3228, -0.1795 1.7821 0.3228, -0.1455 1.7929 0.3228, -0.1742 1.7723 0.3228, -0.1386 1.7755 0.3228, -0.1715 1.7614 0.3228, -0.136 1.7569 0.3228, -0.1712 1.7563 0.3228, -0.1386 1.7366 0.3228, -0.1726 1.7452 0.3228, -0.1457 1.7185 0.3228, -0.1765 1.735 0.3228, -0.1828 1.7262 0.3228, -0.2231 1.8764 0.3228, -0.2454 1.8503 0.3228, -0.2042 1.8545 0.3228, -0.2325 1.835 0.3228, -0.2237 1.8166 0.3228, -0.4616 1.7826 0.3228, -0.499 1.7731 0.3228, -0.4633 1.7688 0.3228, -0.4992 1.7677 0.3228, -0.4626 1.76 0.3228, -0.4964 1.7454 0.3228, -0.4585 1.746 0.3228, -0.4882 1.7242 0.3228, -0.4518 1.7346 0.3228, -0.4752 1.7056 0.3228, -0.4575 1.6905 0.3228, -0.3224 1.6765 0.3228, -0.3555 1.6879 0.3228, -0.3291 1.6638 0.3228, -0.3581 1.683 0.3228, -0.3378 1.6541 0.3228, -0.3612 1.6795 0.3228, -0.3491 1.6462 0.3228, -0.3656 1.6764 0.3228, -0.3618 1.6413 0.3228, -0.3705 1.6745 0.3228, -0.3756 1.6396 0.3228, -0.3762 1.6737 0.3228, -0.3778 1.6396 0.3228, -0.3772 1.6738 0.3228, -0.3912 1.6417 0.3228, -0.3823 1.6746 0.3228, -0.4044 1.6472 0.3228, -0.3874 1.6768 0.3228, -0.3918 1.6801 0.3228, -0.3286 1.9025 0.3228, -0.3209 1.8691 0.3228, -0.3005 1.906 0.3228, -0.2999 1.8719 0.3228, -0.2768 1.9035 0.3228, -0.2806 1.8695 0.3228, -0.2483 1.8934 0.3228, -0.2627 1.8626 0.3228, -0.2467 1.8515 0.3228, -0.4505 1.8489 0.3228, -0.4686 1.8362 0.3228, -0.4488 1.8066 0.3228, -0.4724 1.8326 0.3228, -0.4567 1.7953 0.3228, -0.4861 1.815 0.3228, -0.4952 1.7945 0.3228, -0.2407 1.7124 0.3228, -0.2544 1.6831 0.3228, -0.2531 1.6818 0.3228, -0.239 1.712 0.3228, -0.2494 1.6792 0.3228, -0.2589 1.6948 0.3228, -0.2584 1.6906 0.3228, -0.2569 1.6867 0.3228, -0.2457 1.7119 0.3228, -0.2496 1.7103 0.3228, -0.2588 1.6971 0.3228, -0.2531 1.7079 0.3228, -0.2554 1.7053 0.3228, -0.2576 1.7014 0.3228, -0.2413 1.7125 0.3228, -0.1455 1.7929 0.3189, -0.1386 1.7755 0.3189, -0.136 1.7569 0.3189, -0.1534 1.8038 0.3189, -0.1572 1.809 0.3189, -0.1726 1.8221 0.3189, -0.1895 1.8305 0.3189, -0.1923 1.8314 0.3189, -0.2042 1.8545 0.3189, -0.2231 1.8764 0.3189, -0.2361 1.8852 0.3189, -0.2483 1.8934 0.3189, -0.2768 1.9035 0.3189, -0.3005 1.906 0.3189, -0.3286 1.9025 0.3189, -0.3549 1.8924 0.3189, -0.3665 1.8852 0.3189, -0.3688 1.8838 0.3189, -0.3822 1.8724 0.3189, -0.3938 1.8588 0.3189, -0.4004 1.8595 0.3189, -0.4069 1.8599 0.3189, -0.4294 1.8571 0.3189, -0.4505 1.8489 0.3189, -0.4686 1.8362 0.3189, -0.4724 1.8326 0.3189, -0.4861 1.815 0.3189, -0.4911 1.8038 0.3189, -0.4952 1.7945 0.3189, -0.499 1.7731 0.3189, -0.4992 1.7677 0.3189, -0.4966 1.7467 0.3189, -0.4964 1.7454 0.3189, -0.4882 1.7242 0.3189, -0.4752 1.7056 0.3189, -0.4575 1.6905 0.3189, -0.4369 1.6805 0.3189, -0.4297 1.6783 0.3189, -0.429 1.6768 0.3189, -0.424 1.6661 0.3189, -0.4155 1.6556 0.3189, -0.4044 1.6472 0.3189, -0.3992 1.645 0.3189, -0.3912 1.6417 0.3189, -0.3778 1.6396 0.3189, -0.3756 1.6396 0.3189, -0.3187 1.6965 0.3189, -0.3618 1.6413 0.3189, -0.3521 1.645 0.3189, -0.3491 1.6462 0.3189, -0.3378 1.6541 0.3189, -0.3291 1.6638 0.3189, -0.3224 1.6765 0.3189, -0.3223 1.6768 0.3189, -0.319 1.6905 0.3189, -0.3187 1.7022 0.3189, -0.239 1.7443 0.3189, -0.2566 1.7745 0.3189, -0.2404 1.7467 0.3189, -0.3329 1.7347 0.3189, -0.3098 1.7467 0.3189, -0.3429 1.7437 0.3189, -0.3485 1.7467 0.3189, -0.355 1.7502 0.3189, -0.3687 1.7536 0.3189, -0.3756 1.754 0.3189, -0.3892 1.7523 0.3189, -0.4018 1.7475 0.3189, -0.403 1.7467 0.3189, -0.4135 1.7394 0.3189, -0.4229 1.7287 0.3189, -0.4291 1.7164 0.3189, -0.4633 1.7688 0.3189, -0.4416 1.7241 0.3189, -0.4518 1.7346 0.3189, -0.4585 1.746 0.3189, -0.4587 1.7467 0.3189, -0.4626 1.76 0.3189, -0.4567 1.7953 0.3189, -0.4616 1.7826 0.3189, -0.4508 1.8038 0.3189, -0.4488 1.8066 0.3189, -0.4391 1.8153 0.3189, -0.4264 1.8221 0.3189, -0.4124 1.8254 0.3189, -0.4064 1.8257 0.3189, -0.3929 1.8241 0.3189, -0.3802 1.8194 0.3189, -0.3762 1.8172 0.3189, -0.3675 1.8352 0.3189, -0.3547 1.8505 0.3189, -0.3395 1.8616 0.3189, -0.3209 1.8691 0.3189, -0.2999 1.8719 0.3189, -0.2806 1.8695 0.3189, -0.2627 1.8626 0.3189, -0.2467 1.8515 0.3189, -0.2454 1.8503 0.3189, -0.2325 1.835 0.3189, -0.2237 1.8166 0.3189, -0.2209 1.8038 0.3189, -0.2202 1.8007 0.3189, -0.2157 1.8007 0.3189, -0.2048 1.7994 0.3189, -0.1949 1.7955 0.3189, -0.186 1.7893 0.3189, -0.1795 1.7821 0.3189, -0.1742 1.7723 0.3189, -0.1715 1.7614 0.3189, -0.1712 1.7563 0.3189, -0.1724 1.7467 0.3189, -0.1726 1.7452 0.3189, -0.1765 1.735 0.3189, -0.1828 1.7262 0.3189, -0.1835 1.7254 0.3189, -0.1919 1.7185 0.3189, -0.202 1.7139 0.3189, -0.2122 1.7119 0.3189, -0.2379 1.7119 0.3189, -0.239 1.712 0.3189, -0.2407 1.7124 0.3189, -0.2413 1.7125 0.3189, -0.2457 1.7119 0.3189, -0.2496 1.7103 0.3189, -0.2531 1.7079 0.3189, -0.2554 1.7053 0.3189, -0.2576 1.7014 0.3189, -0.2588 1.6971 0.3189, -0.2589 1.6948 0.3189, -0.2584 1.6906 0.3189, -0.2569 1.6867 0.3189, -0.2544 1.6831 0.3189, -0.2531 1.6818 0.3189, -0.2494 1.6792 0.3189, -0.2456 1.6777 0.3189, -0.2424 1.6772 0.3189, -0.2088 1.6772 0.3189, -0.1899 1.6812 0.3189, -0.1725 1.6897 0.3189, -0.157 1.7028 0.3189, -0.1457 1.7185 0.3189, -0.1386 1.7366 0.3189, -0.1373 1.7467 0.3189, -0.3762 1.7181 0.3189, -0.3715 1.7176 0.3189, -0.3662 1.7157 0.3189, -0.3616 1.7126 0.3189, -0.3579 1.7086 0.3189, -0.3554 1.7039 0.3189, -0.3541 1.6986 0.3189, -0.3541 1.6934 0.3189, -0.3555 1.6879 0.3189, -0.3581 1.683 0.3189, -0.3612 1.6795 0.3189, -0.3656 1.6764 0.3189, -0.3705 1.6745 0.3189, -0.3762 1.6737 0.3189, -0.3772 1.6738 0.3189, -0.3823 1.6746 0.3189, -0.3874 1.6768 0.3189, -0.3918 1.6801 0.3189, -0.395 1.6842 0.3189, -0.3973 1.689 0.3189, -0.3983 1.6943 0.3189, -0.3981 1.6999 0.3189, -0.3964 1.7052 0.3189, -0.3934 1.7099 0.3189, -0.3912 1.7123 0.3189, -0.3867 1.7155 0.3189, -0.3818 1.7174 0.3189
            ]
        }
        coordIndex [
            0,1,2,-1,3,4,5,-1,6,7,8,-1,9,10,2,-1,2,10,11,-1,2,11,0,-1,5,4,12,-1,13,14,15,-1,15,14,16,-1,15,16,17,-1,18,19,15,-1,15,19,20,-1,15,20,13,-1,13,20,21,-1,22,23,24,-1,24,23,25,-1,24,25,26,-1,26,25,27,-1,26,27,28,-1,28,27,29,-1,28,29,30,-1,30,29,2,-1,30,2,31,-1,31,2,32,-1,33,34,22,-1,22,34,35,-1,22,35,23,-1,17,36,15,-1,15,36,37,-1,15,37,38,-1,38,37,39,-1,38,39,40,-1,41,42,43,-1,43,42,44,-1,43,44,45,-1,45,44,46,-1,45,46,47,-1,47,46,48,-1,6,8,49,-1,49,8,50,-1,49,50,51,-1,51,50,52,-1,51,52,53,-1,4,54,12,-1,12,54,55,-1,12,55,56,-1,56,55,57,-1,56,57,6,-1,6,57,58,-1,6,58,7,-1,21,20,22,-1,22,20,59,-1,22,59,33,-1,60,61,62,-1,62,61,63,-1,62,63,64,-1,64,63,65,-1,64,65,66,-1,66,65,67,-1,66,67,68,-1,68,67,69,-1,68,69,70,-1,32,2,71,-1,71,2,1,-1,71,1,72,-1,46,73,48,-1,48,73,74,-1,48,74,75,-1,75,74,76,-1,75,76,77,-1,77,76,78,-1,77,78,79,-1,79,78,80,-1,79,80,81,-1,81,80,82,-1,81,82,83,-1,83,82,84,-1,83,84,60,-1,60,84,85,-1,60,85,61,-1,86,87,88,-1,88,87,89,-1,88,89,43,-1,43,89,90,-1,43,90,41,-1,91,92,93,-1,93,92,94,-1,93,94,95,-1,95,94,96,-1,95,96,97,-1,97,96,98,-1,97,98,99,-1,99,98,100,-1,99,100,9,-1,9,100,101,-1,9,101,10,-1,40,39,102,-1,102,39,103,-1,102,103,104,-1,104,103,105,-1,104,105,106,-1,106,105,107,-1,106,107,108,-1,108,107,109,-1,108,109,110,-1,110,109,111,-1,110,111,112,-1,112,111,113,-1,112,113,114,-1,114,113,115,-1,114,115,116,-1,116,115,117,-1,116,117,118,-1,118,117,119,-1,118,119,1,-1,1,119,120,-1,1,120,72,-1,53,52,121,-1,121,52,122,-1,121,122,123,-1,123,122,124,-1,123,124,125,-1,125,124,126,-1,125,126,127,-1,127,126,128,-1,127,128,86,-1,86,128,129,-1,86,129,87,-1,5,130,3,-1,3,130,131,-1,3,131,132,-1,132,131,133,-1,132,133,134,-1,134,133,135,-1,134,135,91,-1,91,135,136,-1,91,136,92,-1,137,138,139,-1,69,140,70,-1,70,140,137,-1,70,137,141,-1,141,137,139,-1,142,143,137,-1,137,143,144,-1,137,144,138,-1,145,146,147,-1,146,148,147,-1,147,148,149,-1,147,149,150,-1,142,137,147,-1,147,137,151,-1,147,151,145,-1,152,77,153,-1,153,77,79,-1,153,79,154,-1,155,48,152,-1,152,48,75,-1,152,75,77,-1,155,156,48,-1,48,156,157,-1,48,157,47,-1,47,157,158,-1,47,158,45,-1,45,158,159,-1,45,159,43,-1,43,159,160,-1,43,160,88,-1,88,160,161,-1,88,161,86,-1,127,86,162,-1,162,86,161,-1,162,163,127,-1,127,163,164,-1,127,164,125,-1,125,164,165,-1,125,165,123,-1,123,165,166,-1,123,166,121,-1,121,166,167,-1,121,167,53,-1,53,167,51,-1,51,167,168,-1,51,168,169,-1,51,169,170,-1,51,170,49,-1,49,170,171,-1,49,171,6,-1,6,171,172,-1,6,172,56,-1,56,172,173,-1,56,173,12,-1,12,173,174,-1,12,174,5,-1,5,174,175,-1,5,175,130,-1,130,175,176,-1,130,176,131,-1,131,176,177,-1,131,177,133,-1,133,177,178,-1,179,136,178,-1,178,136,135,-1,178,135,133,-1,179,180,136,-1,136,180,181,-1,136,181,92,-1,92,181,182,-1,92,182,94,-1,182,183,94,-1,94,183,96,-1,183,184,96,-1,96,184,185,-1,96,185,98,-1,98,185,186,-1,98,186,100,-1,100,186,187,-1,100,187,101,-1,101,187,188,-1,101,188,10,-1,10,188,189,-1,10,189,11,-1,11,189,190,-1,11,190,0,-1,190,191,0,-1,0,191,192,-1,0,192,1,-1,1,192,193,-1,1,193,118,-1,118,193,194,-1,118,194,116,-1,194,195,116,-1,116,195,196,-1,116,196,114,-1,114,196,197,-1,114,197,112,-1,198,38,40,-1,112,197,199,-1,200,108,199,-1,199,108,110,-1,199,110,112,-1,200,201,108,-1,108,201,202,-1,108,202,106,-1,106,202,203,-1,106,203,104,-1,104,203,204,-1,104,204,102,-1,102,204,205,-1,102,205,40,-1,40,205,206,-1,40,206,198,-1,15,38,207,-1,207,38,198,-1,18,15,208,-1,208,15,207,-1,209,19,210,-1,210,19,18,-1,210,18,208,-1,211,20,212,-1,212,20,19,-1,212,19,209,-1,20,211,213,-1,20,213,59,-1,59,213,214,-1,59,214,33,-1,214,215,33,-1,33,215,216,-1,33,216,34,-1,34,216,217,-1,34,217,35,-1,35,217,218,-1,35,218,23,-1,23,218,219,-1,23,219,25,-1,25,219,220,-1,25,220,27,-1,220,221,27,-1,27,221,222,-1,27,222,29,-1,29,222,223,-1,29,223,2,-1,224,93,95,-1,2,223,225,-1,2,225,9,-1,9,225,226,-1,9,226,99,-1,99,226,227,-1,99,227,97,-1,97,227,228,-1,97,228,95,-1,95,228,229,-1,95,229,224,-1,230,91,231,-1,231,91,93,-1,231,93,224,-1,232,132,230,-1,230,132,134,-1,230,134,91,-1,232,233,132,-1,132,233,234,-1,132,234,3,-1,3,234,235,-1,3,235,4,-1,4,235,236,-1,4,236,54,-1,54,236,237,-1,54,237,55,-1,55,237,238,-1,55,238,57,-1,57,238,239,-1,57,239,58,-1,58,239,240,-1,58,240,7,-1,7,240,241,-1,7,241,8,-1,8,241,242,-1,8,242,50,-1,50,242,243,-1,50,243,52,-1,52,243,244,-1,52,244,122,-1,122,244,245,-1,122,245,124,-1,124,245,246,-1,124,246,126,-1,126,246,247,-1,126,247,128,-1,128,247,248,-1,128,248,129,-1,129,248,249,-1,129,249,87,-1,87,249,250,-1,87,250,89,-1,89,250,251,-1,89,251,90,-1,90,251,41,-1,41,251,252,-1,41,252,253,-1,42,41,254,-1,254,41,253,-1,42,254,255,-1,42,255,44,-1,44,255,256,-1,44,256,46,-1,46,256,257,-1,46,257,73,-1,73,257,258,-1,73,258,74,-1,74,258,259,-1,74,259,76,-1,76,259,260,-1,76,260,78,-1,78,260,261,-1,78,261,80,-1,261,262,80,-1,80,262,82,-1,262,263,82,-1,82,263,264,-1,82,264,84,-1,84,264,265,-1,84,265,85,-1,85,265,266,-1,85,266,61,-1,61,266,267,-1,61,267,63,-1,63,267,268,-1,63,268,65,-1,65,268,269,-1,65,269,67,-1,69,67,270,-1,270,67,269,-1,69,270,271,-1,69,271,140,-1,140,271,272,-1,140,272,137,-1,137,272,273,-1,137,273,151,-1,151,273,274,-1,151,274,145,-1,145,274,275,-1,145,275,146,-1,146,275,276,-1,146,276,148,-1,148,276,277,-1,148,277,149,-1,149,277,278,-1,149,278,150,-1,150,278,279,-1,150,279,147,-1,147,279,280,-1,147,280,142,-1,142,280,281,-1,142,281,143,-1,143,281,282,-1,143,282,144,-1,144,282,283,-1,144,283,138,-1,138,283,284,-1,138,284,139,-1,139,284,285,-1,139,285,141,-1,141,285,286,-1,141,286,70,-1,70,286,287,-1,70,287,68,-1,66,68,288,-1,288,68,287,-1,66,288,289,-1,66,289,64,-1,64,289,290,-1,64,290,62,-1,62,290,291,-1,62,291,60,-1,60,291,292,-1,60,292,83,-1,83,292,293,-1,83,293,81,-1,81,293,79,-1,79,293,294,-1,79,294,154,-1,21,295,296,-1,21,296,13,-1,13,296,297,-1,13,297,14,-1,14,297,298,-1,14,298,16,-1,16,298,299,-1,16,299,17,-1,17,299,300,-1,17,300,36,-1,36,300,301,-1,36,301,37,-1,37,301,302,-1,37,302,39,-1,39,302,303,-1,39,303,103,-1,103,303,304,-1,103,304,105,-1,105,304,305,-1,105,305,107,-1,107,305,306,-1,107,306,109,-1,109,306,307,-1,109,307,111,-1,111,307,308,-1,111,308,113,-1,113,308,309,-1,113,309,115,-1,115,309,310,-1,115,310,117,-1,117,310,311,-1,117,311,119,-1,119,311,312,-1,119,312,120,-1,120,312,313,-1,120,313,72,-1,72,313,314,-1,72,314,71,-1,71,314,315,-1,71,315,32,-1,32,315,316,-1,32,316,31,-1,31,316,317,-1,31,317,30,-1,30,317,318,-1,30,318,28,-1,28,318,319,-1,28,319,26,-1,26,319,320,-1,26,320,24,-1,24,320,321,-1,24,321,22,-1,22,321,295,-1,22,295,21,-1,
        ]
    }
}
Shape{
    appearance Appearance {
        material  Material 	{
            diffuseColor 0.0 0.5019607843137255 0.0
            specularColor 0.0 0.25098039215686274 0.0
            ambientIntensity 0.2947
            transparency 0.0
            shininess 0.5
        }
    }
    geometry IndexedFaceSet {
        ccw TRUE
        solid FALSE
        coord DEF co Coordinate {
            point [
                -0.3772 1.6738 0.3189, -0.3912 1.7123 0.3189, -0.3934 1.7099 0.3189, -0.3705 1.6745 0.3189, -0.3656 1.6764 0.3189, -0.3715 1.7176 0.3189, -0.3762 1.7181 0.3189, -0.3818 1.7174 0.3189, -0.3867 1.7155 0.3189, -0.3973 1.689 0.3189, -0.395 1.6842 0.3189, -0.3918 1.6801 0.3189, -0.3762 1.6737 0.3189, -0.3964 1.7052 0.3189, -0.3981 1.6999 0.3189, -0.3983 1.6943 0.3189, -0.3874 1.6768 0.3189, -0.3823 1.6746 0.3189, -0.3612 1.6795 0.3189, -0.3581 1.683 0.3189, -0.3555 1.6879 0.3189, -0.3541 1.6934 0.3189, -0.3541 1.6986 0.3189, -0.3554 1.7039 0.3189, -0.3579 1.7086 0.3189, -0.3616 1.7126 0.3189, -0.3662 1.7157 0.3189
            ]
        }
        coordIndex [
            0,1,2,-1,3,4,5,-1,6,7,0,-1,0,7,8,-1,0,8,1,-1,9,10,2,-1,2,10,11,-1,6,0,5,-1,5,0,12,-1,5,12,3,-1,13,14,2,-1,2,14,15,-1,2,15,9,-1,11,16,2,-1,2,16,17,-1,2,17,0,-1,4,18,5,-1,5,18,19,-1,5,19,20,-1,20,21,5,-1,5,21,22,-1,5,22,23,-1,23,24,5,-1,5,24,25,-1,5,25,26,-1,
        ]
    }
}